Workbook

Sheet Home
D3: Category Selection
C8: BHT TRACKER - FEBRUARY 2026 DAT ROLLING ANALYSIS
D9: Base
C10: {=IFERROR(HYPERLINK( "#'" & _xlfn.IFS( BackEnd!$F$5="Noodles", IF(BackEnd!$E$2=2, "N_%", "N_Count"), BackEnd!$F$5="Toothpaste", IF(BackEnd!$E$2=2, "TP_%", "TP_Count"), BackEnd!$F$5="Breakfast Cereal", IF(BackEnd!$E$2=2, "BC_%", "BC_Count"), BackEnd!$F$5="Bleach", IF(BackEnd!$E$2=2, "BL_%", "BL_Count"), BackEnd!$F$5="Edible Oil", IF(BackEnd!$E$2=2, "EO_%", "EO_Count"), BackEnd!$F$5="Snacks", IF(BackEnd!$E$2=2, "SK_%", "SK_Count"), BackEnd!$F$5="Condiment Mixes", IF(BackEnd!$E$2=2, "CM_%", "CM_Count"), BackEnd!$F$5="Wet Hair", IF(BackEnd!$E$2=2, "WH_%", "WH_Count"), BackEnd!$F$5="Dry Hair", IF(BackEnd!$E$2=2, "DH_%", "DH_Count"), BackEnd!$F$5="Toilet Cleaner", IF(BackEnd!$E$2=2, "TC_%", "TC_Count") ) & "'!A" & MATCH( BackEnd!B6, INDIRECT("'" & _xlfn.IFS( BackEnd!$F$5="Noodles", IF(BackEnd!$E$2=2, "N_%", "N_Count"), BackEnd!$F$5="Toothpaste", IF(BackEnd!$E$2=2, "TP_%", "TP_Count"), BackEnd!$F$5="Breakfast Cereal", IF(BackEnd!$E$2=2, "BC_%", "BC_Count"), BackEnd!$F$5="Bleach", IF(BackEnd!$E$2=2, "BL_%", "BL_Count"), BackEnd!$F$5="Edible Oil", IF(BackEnd!$E$2=2, "EO_%", "EO_Count"), BackEnd!$F$5="Snacks", IF(BackEnd!$E$2=2, "SK_%", "SK_Count"), BackEnd!$F$5="Condiment Mixes", IF(BackEnd!$E$2=2, "CM_%", "CM_Count"), BackEnd!$F$5="Wet Hair", IF(BackEnd!$E$2=2, "WH_%", "WH_Count"), BackEnd!$F$5="Dry Hair", IF(BackEnd!$E$2=2, "DH_%", "DH_Count"), BackEnd!$F$5="Toilet Cleaner", IF(BackEnd!$E$2=2, "TC_%", "TC_Count") ) & "'!A:A" ), 0 ), BackEnd!B6 ),"")} | D10: =IF(BackEnd!C6="","",BackEnd!C6) -> #REF!
C11: {=IFERROR(HYPERLINK( "#'" & _xlfn.IFS( BackEnd!$F$5="Noodles", IF(BackEnd!$E$2=2, "N_%", "N_Count"), BackEnd!$F$5="Toothpaste", IF(BackEnd!$E$2=2, "TP_%", "TP_Count"), BackEnd!$F$5="Breakfast Cereal", IF(BackEnd!$E$2=2, "BC_%", "BC_Count"), BackEnd!$F$5="Bleach", IF(BackEnd!$E$2=2, "BL_%", "BL_Count"), BackEnd!$F$5="Edible Oil", IF(BackEnd!$E$2=2, "EO_%", "EO_Count"), BackEnd!$F$5="Snacks", IF(BackEnd!$E$2=2, "SK_%", "SK_Count"), BackEnd!$F$5="Condiment Mixes", IF(BackEnd!$E$2=2, "CM_%", "CM_Count"), BackEnd!$F$5="Wet Hair", IF(BackEnd!$E$2=2, "WH_%", "WH_Count"), BackEnd!$F$5="Dry Hair", IF(BackEnd!$E$2=2, "DH_%", "DH_Count"), BackEnd!$F$5="Toilet Cleaner", IF(BackEnd!$E$2=2, "TC_%", "TC_Count") ) & "'!A" & MATCH( BackEnd!B7, INDIRECT("'" & _xlfn.IFS( BackEnd!$F$5="Noodles", IF(BackEnd!$E$2=2, "N_%", "N_Count"), BackEnd!$F$5="Toothpaste", IF(BackEnd!$E$2=2, "TP_%", "TP_Count"), BackEnd!$F$5="Breakfast Cereal", IF(BackEnd!$E$2=2, "BC_%", "BC_Count"), BackEnd!$F$5="Bleach", IF(BackEnd!$E$2=2, "BL_%", "BL_Count"), BackEnd!$F$5="Edible Oil", IF(BackEnd!$E$2=2, "EO_%", "EO_Count"), BackEnd!$F$5="Snacks", IF(BackEnd!$E$2=2, "SK_%", "SK_Count"), BackEnd!$F$5="Condiment Mixes", IF(BackEnd!$E$2=2, "CM_%", "CM_Count"), BackEnd!$F$5="Wet Hair", IF(BackEnd!$E$2=2, "WH_%", "WH_Count"), BackEnd!$F$5="Dry Hair", IF(BackEnd!$E$2=2, "DH_%", "DH_Count"), BackEnd!$F$5="Toilet Cleaner", IF(BackEnd!$E$2=2, "TC_%", "TC_Count") ) & "'!A:A" ), 0 ), BackEnd!B7 ),"")} | D11: =IF(BackEnd!C7="","",BackEnd!C7) -> #REF!
C12: {=IFERROR(HYPERLINK( "#'" & _xlfn.IFS( BackEnd!$F$5="Noodles", IF(BackEnd!$E$2=2, "N_%", "N_Count"), BackEnd!$F$5="Toothpaste", IF(BackEnd!$E$2=2, "TP_%", "TP_Count"), BackEnd!$F$5="Breakfast Cereal", IF(BackEnd!$E$2=2, "BC_%", "BC_Count"), BackEnd!$F$5="Bleach", IF(BackEnd!$E$2=2, "BL_%", "BL_Count"), BackEnd!$F$5="Edible Oil", IF(BackEnd!$E$2=2, "EO_%", "EO_Count"), BackEnd!$F$5="Snacks", IF(BackEnd!$E$2=2, "SK_%", "SK_Count"), BackEnd!$F$5="Condiment Mixes", IF(BackEnd!$E$2=2, "CM_%", "CM_Count"), BackEnd!$F$5="Wet Hair", IF(BackEnd!$E$2=2, "WH_%", "WH_Count"), BackEnd!$F$5="Dry Hair", IF(BackEnd!$E$2=2, "DH_%", "DH_Count"), BackEnd!$F$5="Toilet Cleaner", IF(BackEnd!$E$2=2, "TC_%", "TC_Count") ) & "'!A" & MATCH( BackEnd!B8, INDIRECT("'" & _xlfn.IFS( BackEnd!$F$5="Noodles", IF(BackEnd!$E$2=2, "N_%", "N_Count"), BackEnd!$F$5="Toothpaste", IF(BackEnd!$E$2=2, "TP_%", "TP_Count"), BackEnd!$F$5="Breakfast Cereal", IF(BackEnd!$E$2=2, "BC_%", "BC_Count"), BackEnd!$F$5="Bleach", IF(BackEnd!$E$2=2, "BL_%", "BL_Count"), BackEnd!$F$5="Edible Oil", IF(BackEnd!$E$2=2, "EO_%", "EO_Count"), BackEnd!$F$5="Snacks", IF(BackEnd!$E$2=2, "SK_%", "SK_Count"), BackEnd!$F$5="Condiment Mixes", IF(BackEnd!$E$2=2, "CM_%", "CM_Count"), BackEnd!$F$5="Wet Hair", IF(BackEnd!$E$2=2, "WH_%", "WH_Count"), BackEnd!$F$5="Dry Hair", IF(BackEnd!$E$2=2, "DH_%", "DH_Count"), BackEnd!$F$5="Toilet Cleaner", IF(BackEnd!$E$2=2, "TC_%", "TC_Count") ) & "'!A:A" ), 0 ), BackEnd!B8 ),"")} | D12: =IF(BackEnd!C8="","",BackEnd!C8) -> #REF!
C13: {=IFERROR(HYPERLINK( "#'" & _xlfn.IFS( BackEnd!$F$5="Noodles", IF(BackEnd!$E$2=2, "N_%", "N_Count"), BackEnd!$F$5="Toothpaste", IF(BackEnd!$E$2=2, "TP_%", "TP_Count"), BackEnd!$F$5="Breakfast Cereal", IF(BackEnd!$E$2=2, "BC_%", "BC_Count"), BackEnd!$F$5="Bleach", IF(BackEnd!$E$2=2, "BL_%", "BL_Count"), BackEnd!$F$5="Edible Oil", IF(BackEnd!$E$2=2, "EO_%", "EO_Count"), BackEnd!$F$5="Snacks", IF(BackEnd!$E$2=2, "SK_%", "SK_Count"), BackEnd!$F$5="Condiment Mixes", IF(BackEnd!$E$2=2, "CM_%", "CM_Count"), BackEnd!$F$5="Wet Hair", IF(BackEnd!$E$2=2, "WH_%", "WH_Count"), BackEnd!$F$5="Dry Hair", IF(BackEnd!$E$2=2, "DH_%", "DH_Count"), BackEnd!$F$5="Toilet Cleaner", IF(BackEnd!$E$2=2, "TC_%", "TC_Count") ) & "'!A" & MATCH( BackEnd!B9, INDIRECT("'" & _xlfn.IFS( BackEnd!$F$5="Noodles", IF(BackEnd!$E$2=2, "N_%", "N_Count"), BackEnd!$F$5="Toothpaste", IF(BackEnd!$E$2=2, "TP_%", "TP_Count"), BackEnd!$F$5="Breakfast Cereal", IF(BackEnd!$E$2=2, "BC_%", "BC_Count"), BackEnd!$F$5="Bleach", IF(BackEnd!$E$2=2, "BL_%", "BL_Count"), BackEnd!$F$5="Edible Oil", IF(BackEnd!$E$2=2, "EO_%", "EO_Count"), BackEnd!$F$5="Snacks", IF(BackEnd!$E$2=2, "SK_%", "SK_Count"), BackEnd!$F$5="Condiment Mixes", IF(BackEnd!$E$2=2, "CM_%", "CM_Count"), BackEnd!$F$5="Wet Hair", IF(BackEnd!$E$2=2, "WH_%", "WH_Count"), BackEnd!$F$5="Dry Hair", IF(BackEnd!$E$2=2, "DH_%", "DH_Count"), BackEnd!$F$5="Toilet Cleaner", IF(BackEnd!$E$2=2, "TC_%", "TC_Count") ) & "'!A:A" ), 0 ), BackEnd!B9 ),"")} | D13: =IF(BackEnd!C9="","",BackEnd!C9) -> #REF!
C14: {=IFERROR(HYPERLINK( "#'" & _xlfn.IFS( BackEnd!$F$5="Noodles", IF(BackEnd!$E$2=2, "N_%", "N_Count"), BackEnd!$F$5="Toothpaste", IF(BackEnd!$E$2=2, "TP_%", "TP_Count"), BackEnd!$F$5="Breakfast Cereal", IF(BackEnd!$E$2=2, "BC_%", "BC_Count"), BackEnd!$F$5="Bleach", IF(BackEnd!$E$2=2, "BL_%", "BL_Count"), BackEnd!$F$5="Edible Oil", IF(BackEnd!$E$2=2, "EO_%", "EO_Count"), BackEnd!$F$5="Snacks", IF(BackEnd!$E$2=2, "SK_%", "SK_Count"), BackEnd!$F$5="Condiment Mixes", IF(BackEnd!$E$2=2, "CM_%", "CM_Count"), BackEnd!$F$5="Wet Hair", IF(BackEnd!$E$2=2, "WH_%", "WH_Count"), BackEnd!$F$5="Dry Hair", IF(BackEnd!$E$2=2, "DH_%", "DH_Count"), BackEnd!$F$5="Toilet Cleaner", IF(BackEnd!$E$2=2, "TC_%", "TC_Count") ) & "'!A" & MATCH( BackEnd!B10, INDIRECT("'" & _xlfn.IFS( BackEnd!$F$5="Noodles", IF(BackEnd!$E$2=2, "N_%", "N_Count"), BackEnd!$F$5="Toothpaste", IF(BackEnd!$E$2=2, "TP_%", "TP_Count"), BackEnd!$F$5="Breakfast Cereal", IF(BackEnd!$E$2=2, "BC_%", "BC_Count"), BackEnd!$F$5="Bleach", IF(BackEnd!$E$2=2, "BL_%", "BL_Count"), BackEnd!$F$5="Edible Oil", IF(BackEnd!$E$2=2, "EO_%", "EO_Count"), BackEnd!$F$5="Snacks", IF(BackEnd!$E$2=2, "SK_%", "SK_Count"), BackEnd!$F$5="Condiment Mixes", IF(BackEnd!$E$2=2, "CM_%", "CM_Count"), BackEnd!$F$5="Wet Hair", IF(BackEnd!$E$2=2, "WH_%", "WH_Count"), BackEnd!$F$5="Dry Hair", IF(BackEnd!$E$2=2, "DH_%", "DH_Count"), BackEnd!$F$5="Toilet Cleaner", IF(BackEnd!$E$2=2, "TC_%", "TC_Count") ) & "'!A:A" ), 0 ), BackEnd!B10 ),"")} | D14: =IF(BackEnd!C10="","",BackEnd!C10) -> #REF!
C15: {=IFERROR(HYPERLINK( "#'" & _xlfn.IFS( BackEnd!$F$5="Noodles", IF(BackEnd!$E$2=2, "N_%", "N_Count"), BackEnd!$F$5="Toothpaste", IF(BackEnd!$E$2=2, "TP_%", "TP_Count"), BackEnd!$F$5="Breakfast Cereal", IF(BackEnd!$E$2=2, "BC_%", "BC_Count"), BackEnd!$F$5="Bleach", IF(BackEnd!$E$2=2, "BL_%", "BL_Count"), BackEnd!$F$5="Edible Oil", IF(BackEnd!$E$2=2, "EO_%", "EO_Count"), BackEnd!$F$5="Snacks", IF(BackEnd!$E$2=2, "SK_%", "SK_Count"), BackEnd!$F$5="Condiment Mixes", IF(BackEnd!$E$2=2, "CM_%", "CM_Count"), BackEnd!$F$5="Wet Hair", IF(BackEnd!$E$2=2, "WH_%", "WH_Count"), BackEnd!$F$5="Dry Hair", IF(BackEnd!$E$2=2, "DH_%", "DH_Count"), BackEnd!$F$5="Toilet Cleaner", IF(BackEnd!$E$2=2, "TC_%", "TC_Count") ) & "'!A" & MATCH( BackEnd!B11, INDIRECT("'" & _xlfn.IFS( BackEnd!$F$5="Noodles", IF(BackEnd!$E$2=2, "N_%", "N_Count"), BackEnd!$F$5="Toothpaste", IF(BackEnd!$E$2=2, "TP_%", "TP_Count"), BackEnd!$F$5="Breakfast Cereal", IF(BackEnd!$E$2=2, "BC_%", "BC_Count"), BackEnd!$F$5="Bleach", IF(BackEnd!$E$2=2, "BL_%", "BL_Count"), BackEnd!$F$5="Edible Oil", IF(BackEnd!$E$2=2, "EO_%", "EO_Count"), BackEnd!$F$5="Snacks", IF(BackEnd!$E$2=2, "SK_%", "SK_Count"), BackEnd!$F$5="Condiment Mixes", IF(BackEnd!$E$2=2, "CM_%", "CM_Count"), BackEnd!$F$5="Wet Hair", IF(BackEnd!$E$2=2, "WH_%", "WH_Count"), BackEnd!$F$5="Dry Hair", IF(BackEnd!$E$2=2, "DH_%", "DH_Count"), BackEnd!$F$5="Toilet Cleaner", IF(BackEnd!$E$2=2, "TC_%", "TC_Count") ) & "'!A:A" ), 0 ), BackEnd!B11 ),"")} | D15: =IF(BackEnd!C11="","",BackEnd!C11) -> #REF!
C16: {=IFERROR(HYPERLINK( "#'" & _xlfn.IFS( BackEnd!$F$5="Noodles", IF(BackEnd!$E$2=2, "N_%", "N_Count"), BackEnd!$F$5="Toothpaste", IF(BackEnd!$E$2=2, "TP_%", "TP_Count"), BackEnd!$F$5="Breakfast Cereal", IF(BackEnd!$E$2=2, "BC_%", "BC_Count"), BackEnd!$F$5="Bleach", IF(BackEnd!$E$2=2, "BL_%", "BL_Count"), BackEnd!$F$5="Edible Oil", IF(BackEnd!$E$2=2, "EO_%", "EO_Count"), BackEnd!$F$5="Snacks", IF(BackEnd!$E$2=2, "SK_%", "SK_Count"), BackEnd!$F$5="Condiment Mixes", IF(BackEnd!$E$2=2, "CM_%", "CM_Count"), BackEnd!$F$5="Wet Hair", IF(BackEnd!$E$2=2, "WH_%", "WH_Count"), BackEnd!$F$5="Dry Hair", IF(BackEnd!$E$2=2, "DH_%", "DH_Count"), BackEnd!$F$5="Toilet Cleaner", IF(BackEnd!$E$2=2, "TC_%", "TC_Count") ) & "'!A" & MATCH( BackEnd!B12, INDIRECT("'" & _xlfn.IFS( BackEnd!$F$5="Noodles", IF(BackEnd!$E$2=2, "N_%", "N_Count"), BackEnd!$F$5="Toothpaste", IF(BackEnd!$E$2=2, "TP_%", "TP_Count"), BackEnd!$F$5="Breakfast Cereal", IF(BackEnd!$E$2=2, "BC_%", "BC_Count"), BackEnd!$F$5="Bleach", IF(BackEnd!$E$2=2, "BL_%", "BL_Count"), BackEnd!$F$5="Edible Oil", IF(BackEnd!$E$2=2, "EO_%", "EO_Count"), BackEnd!$F$5="Snacks", IF(BackEnd!$E$2=2, "SK_%", "SK_Count"), BackEnd!$F$5="Condiment Mixes", IF(BackEnd!$E$2=2, "CM_%", "CM_Count"), BackEnd!$F$5="Wet Hair", IF(BackEnd!$E$2=2, "WH_%", "WH_Count"), BackEnd!$F$5="Dry Hair", IF(BackEnd!$E$2=2, "DH_%", "DH_Count"), BackEnd!$F$5="Toilet Cleaner", IF(BackEnd!$E$2=2, "TC_%", "TC_Count") ) & "'!A:A" ), 0 ), BackEnd!B12 ),"")} | D16: =IF(BackEnd!C12="","",BackEnd!C12) -> #REF!
C17: {=IFERROR(HYPERLINK( "#'" & _xlfn.IFS( BackEnd!$F$5="Noodles", IF(BackEnd!$E$2=2, "N_%", "N_Count"), BackEnd!$F$5="Toothpaste", IF(BackEnd!$E$2=2, "TP_%", "TP_Count"), BackEnd!$F$5="Breakfast Cereal", IF(BackEnd!$E$2=2, "BC_%", "BC_Count"), BackEnd!$F$5="Bleach", IF(BackEnd!$E$2=2, "BL_%", "BL_Count"), BackEnd!$F$5="Edible Oil", IF(BackEnd!$E$2=2, "EO_%", "EO_Count"), BackEnd!$F$5="Snacks", IF(BackEnd!$E$2=2, "SK_%", "SK_Count"), BackEnd!$F$5="Condiment Mixes", IF(BackEnd!$E$2=2, "CM_%", "CM_Count"), BackEnd!$F$5="Wet Hair", IF(BackEnd!$E$2=2, "WH_%", "WH_Count"), BackEnd!$F$5="Dry Hair", IF(BackEnd!$E$2=2, "DH_%", "DH_Count"), BackEnd!$F$5="Toilet Cleaner", IF(BackEnd!$E$2=2, "TC_%", "TC_Count") ) & "'!A" & MATCH( BackEnd!B13, INDIRECT("'" & _xlfn.IFS( BackEnd!$F$5="Noodles", IF(BackEnd!$E$2=2, "N_%", "N_Count"), BackEnd!$F$5="Toothpaste", IF(BackEnd!$E$2=2, "TP_%", "TP_Count"), BackEnd!$F$5="Breakfast Cereal", IF(BackEnd!$E$2=2, "BC_%", "BC_Count"), BackEnd!$F$5="Bleach", IF(BackEnd!$E$2=2, "BL_%", "BL_Count"), BackEnd!$F$5="Edible Oil", IF(BackEnd!$E$2=2, "EO_%", "EO_Count"), BackEnd!$F$5="Snacks", IF(BackEnd!$E$2=2, "SK_%", "SK_Count"), BackEnd!$F$5="Condiment Mixes", IF(BackEnd!$E$2=2, "CM_%", "CM_Count"), BackEnd!$F$5="Wet Hair", IF(BackEnd!$E$2=2, "WH_%", "WH_Count"), BackEnd!$F$5="Dry Hair", IF(BackEnd!$E$2=2, "DH_%", "DH_Count"), BackEnd!$F$5="Toilet Cleaner", IF(BackEnd!$E$2=2, "TC_%", "TC_Count") ) & "'!A:A" ), 0 ), BackEnd!B13 ),"")} | D17: =IF(BackEnd!C13="","",BackEnd!C13) -> #REF!
C18: {=IFERROR(HYPERLINK( "#'" & _xlfn.IFS( BackEnd!$F$5="Noodles", IF(BackEnd!$E$2=2, "N_%", "N_Count"), BackEnd!$F$5="Toothpaste", IF(BackEnd!$E$2=2, "TP_%", "TP_Count"), BackEnd!$F$5="Breakfast Cereal", IF(BackEnd!$E$2=2, "BC_%", "BC_Count"), BackEnd!$F$5="Bleach", IF(BackEnd!$E$2=2, "BL_%", "BL_Count"), BackEnd!$F$5="Edible Oil", IF(BackEnd!$E$2=2, "EO_%", "EO_Count"), BackEnd!$F$5="Snacks", IF(BackEnd!$E$2=2, "SK_%", "SK_Count"), BackEnd!$F$5="Condiment Mixes", IF(BackEnd!$E$2=2, "CM_%", "CM_Count"), BackEnd!$F$5="Wet Hair", IF(BackEnd!$E$2=2, "WH_%", "WH_Count"), BackEnd!$F$5="Dry Hair", IF(BackEnd!$E$2=2, "DH_%", "DH_Count"), BackEnd!$F$5="Toilet Cleaner", IF(BackEnd!$E$2=2, "TC_%", "TC_Count") ) & "'!A" & MATCH( BackEnd!B14, INDIRECT("'" & _xlfn.IFS( BackEnd!$F$5="Noodles", IF(BackEnd!$E$2=2, "N_%", "N_Count"), BackEnd!$F$5="Toothpaste", IF(BackEnd!$E$2=2, "TP_%", "TP_Count"), BackEnd!$F$5="Breakfast Cereal", IF(BackEnd!$E$2=2, "BC_%", "BC_Count"), BackEnd!$F$5="Bleach", IF(BackEnd!$E$2=2, "BL_%", "BL_Count"), BackEnd!$F$5="Edible Oil", IF(BackEnd!$E$2=2, "EO_%", "EO_Count"), BackEnd!$F$5="Snacks", IF(BackEnd!$E$2=2, "SK_%", "SK_Count"), BackEnd!$F$5="Condiment Mixes", IF(BackEnd!$E$2=2, "CM_%", "CM_Count"), BackEnd!$F$5="Wet Hair", IF(BackEnd!$E$2=2, "WH_%", "WH_Count"), BackEnd!$F$5="Dry Hair", IF(BackEnd!$E$2=2, "DH_%", "DH_Count"), BackEnd!$F$5="Toilet Cleaner", IF(BackEnd!$E$2=2, "TC_%", "TC_Count") ) & "'!A:A" ), 0 ), BackEnd!B14 ),"")} | D18: =IF(BackEnd!C14="","",BackEnd!C14) -> #REF!
C19: {=IFERROR(HYPERLINK( "#'" & _xlfn.IFS( BackEnd!$F$5="Noodles", IF(BackEnd!$E$2=2, "N_%", "N_Count"), BackEnd!$F$5="Toothpaste", IF(BackEnd!$E$2=2, "TP_%", "TP_Count"), BackEnd!$F$5="Breakfast Cereal", IF(BackEnd!$E$2=2, "BC_%", "BC_Count"), BackEnd!$F$5="Bleach", IF(BackEnd!$E$2=2, "BL_%", "BL_Count"), BackEnd!$F$5="Edible Oil", IF(BackEnd!$E$2=2, "EO_%", "EO_Count"), BackEnd!$F$5="Snacks", IF(BackEnd!$E$2=2, "SK_%", "SK_Count"), BackEnd!$F$5="Condiment Mixes", IF(BackEnd!$E$2=2, "CM_%", "CM_Count"), BackEnd!$F$5="Wet Hair", IF(BackEnd!$E$2=2, "WH_%", "WH_Count"), BackEnd!$F$5="Dry Hair", IF(BackEnd!$E$2=2, "DH_%", "DH_Count"), BackEnd!$F$5="Toilet Cleaner", IF(BackEnd!$E$2=2, "TC_%", "TC_Count") ) & "'!A" & MATCH( BackEnd!B15, INDIRECT("'" & _xlfn.IFS( BackEnd!$F$5="Noodles", IF(BackEnd!$E$2=2, "N_%", "N_Count"), BackEnd!$F$5="Toothpaste", IF(BackEnd!$E$2=2, "TP_%", "TP_Count"), BackEnd!$F$5="Breakfast Cereal", IF(BackEnd!$E$2=2, "BC_%", "BC_Count"), BackEnd!$F$5="Bleach", IF(BackEnd!$E$2=2, "BL_%", "BL_Count"), BackEnd!$F$5="Edible Oil", IF(BackEnd!$E$2=2, "EO_%", "EO_Count"), BackEnd!$F$5="Snacks", IF(BackEnd!$E$2=2, "SK_%", "SK_Count"), BackEnd!$F$5="Condiment Mixes", IF(BackEnd!$E$2=2, "CM_%", "CM_Count"), BackEnd!$F$5="Wet Hair", IF(BackEnd!$E$2=2, "WH_%", "WH_Count"), BackEnd!$F$5="Dry Hair", IF(BackEnd!$E$2=2, "DH_%", "DH_Count"), BackEnd!$F$5="Toilet Cleaner", IF(BackEnd!$E$2=2, "TC_%", "TC_Count") ) & "'!A:A" ), 0 ), BackEnd!B15 ),"")} | D19: =IF(BackEnd!C15="","",BackEnd!C15) -> #REF!
C20: {=IFERROR(HYPERLINK( "#'" & _xlfn.IFS( BackEnd!$F$5="Noodles", IF(BackEnd!$E$2=2, "N_%", "N_Count"), BackEnd!$F$5="Toothpaste", IF(BackEnd!$E$2=2, "TP_%", "TP_Count"), BackEnd!$F$5="Breakfast Cereal", IF(BackEnd!$E$2=2, "BC_%", "BC_Count"), BackEnd!$F$5="Bleach", IF(BackEnd!$E$2=2, "BL_%", "BL_Count"), BackEnd!$F$5="Edible Oil", IF(BackEnd!$E$2=2, "EO_%", "EO_Count"), BackEnd!$F$5="Snacks", IF(BackEnd!$E$2=2, "SK_%", "SK_Count"), BackEnd!$F$5="Condiment Mixes", IF(BackEnd!$E$2=2, "CM_%", "CM_Count"), BackEnd!$F$5="Wet Hair", IF(BackEnd!$E$2=2, "WH_%", "WH_Count"), BackEnd!$F$5="Dry Hair", IF(BackEnd!$E$2=2, "DH_%", "DH_Count"), BackEnd!$F$5="Toilet Cleaner", IF(BackEnd!$E$2=2, "TC_%", "TC_Count") ) & "'!A" & MATCH( BackEnd!B16, INDIRECT("'" & _xlfn.IFS( BackEnd!$F$5="Noodles", IF(BackEnd!$E$2=2, "N_%", "N_Count"), BackEnd!$F$5="Toothpaste", IF(BackEnd!$E$2=2, "TP_%", "TP_Count"), BackEnd!$F$5="Breakfast Cereal", IF(BackEnd!$E$2=2, "BC_%", "BC_Count"), BackEnd!$F$5="Bleach", IF(BackEnd!$E$2=2, "BL_%", "BL_Count"), BackEnd!$F$5="Edible Oil", IF(BackEnd!$E$2=2, "EO_%", "EO_Count"), BackEnd!$F$5="Snacks", IF(BackEnd!$E$2=2, "SK_%", "SK_Count"), BackEnd!$F$5="Condiment Mixes", IF(BackEnd!$E$2=2, "CM_%", "CM_Count"), BackEnd!$F$5="Wet Hair", IF(BackEnd!$E$2=2, "WH_%", "WH_Count"), BackEnd!$F$5="Dry Hair", IF(BackEnd!$E$2=2, "DH_%", "DH_Count"), BackEnd!$F$5="Toilet Cleaner", IF(BackEnd!$E$2=2, "TC_%", "TC_Count") ) & "'!A:A" ), 0 ), BackEnd!B16 ),"")} | D20: =IF(BackEnd!C16="","",BackEnd!C16) -> #REF!
C21: {=IFERROR(HYPERLINK( "#'" & _xlfn.IFS( BackEnd!$F$5="Noodles", IF(BackEnd!$E$2=2, "N_%", "N_Count"), BackEnd!$F$5="Toothpaste", IF(BackEnd!$E$2=2, "TP_%", "TP_Count"), BackEnd!$F$5="Breakfast Cereal", IF(BackEnd!$E$2=2, "BC_%", "BC_Count"), BackEnd!$F$5="Bleach", IF(BackEnd!$E$2=2, "BL_%", "BL_Count"), BackEnd!$F$5="Edible Oil", IF(BackEnd!$E$2=2, "EO_%", "EO_Count"), BackEnd!$F$5="Snacks", IF(BackEnd!$E$2=2, "SK_%", "SK_Count"), BackEnd!$F$5="Condiment Mixes", IF(BackEnd!$E$2=2, "CM_%", "CM_Count"), BackEnd!$F$5="Wet Hair", IF(BackEnd!$E$2=2, "WH_%", "WH_Count"), BackEnd!$F$5="Dry Hair", IF(BackEnd!$E$2=2, "DH_%", "DH_Count"), BackEnd!$F$5="Toilet Cleaner", IF(BackEnd!$E$2=2, "TC_%", "TC_Count") ) & "'!A" & MATCH( BackEnd!B17, INDIRECT("'" & _xlfn.IFS( BackEnd!$F$5="Noodles", IF(BackEnd!$E$2=2, "N_%", "N_Count"), BackEnd!$F$5="Toothpaste", IF(BackEnd!$E$2=2, "TP_%", "TP_Count"), BackEnd!$F$5="Breakfast Cereal", IF(BackEnd!$E$2=2, "BC_%", "BC_Count"), BackEnd!$F$5="Bleach", IF(BackEnd!$E$2=2, "BL_%", "BL_Count"), BackEnd!$F$5="Edible Oil", IF(BackEnd!$E$2=2, "EO_%", "EO_Count"), BackEnd!$F$5="Snacks", IF(BackEnd!$E$2=2, "SK_%", "SK_Count"), BackEnd!$F$5="Condiment Mixes", IF(BackEnd!$E$2=2, "CM_%", "CM_Count"), BackEnd!$F$5="Wet Hair", IF(BackEnd!$E$2=2, "WH_%", "WH_Count"), BackEnd!$F$5="Dry Hair", IF(BackEnd!$E$2=2, "DH_%", "DH_Count"), BackEnd!$F$5="Toilet Cleaner", IF(BackEnd!$E$2=2, "TC_%", "TC_Count") ) & "'!A:A" ), 0 ), BackEnd!B17 ),"")} | D21: =IF(BackEnd!C17="","",BackEnd!C17) -> #REF!
... C69: {=IFERROR(HYPERLINK( "#'" & _xlfn.IFS( BackEnd!$F$5="Noodles", IF(BackEnd!$E$2=2, "N_%", "N_Count"), BackEnd!$F$5="Toothpaste", IF(BackEnd!$E$2=2, "TP_%", "TP_Count"), BackEnd!$F$5="Breakfast Cereal", IF(BackEnd!$E$2=2, "BC_%", "BC_Count"), BackEnd!$F$5="Bleach", IF(BackEnd!$E$2=2, "BL_%", "BL_Count"), BackEnd!$F$5="Edible Oil", IF(BackEnd!$E$2=2, "EO_%", "EO_Count"), BackEnd!$F$5="Snacks", IF(BackEnd!$E$2=2, "SK_%", "SK_Count"), BackEnd!$F$5="Condiment Mixes", IF(BackEnd!$E$2=2, "CM_%", "CM_Count"), BackEnd!$F$5="Wet Hair", IF(BackEnd!$E$2=2, "WH_%", "WH_Count"), BackEnd!$F$5="Dry Hair", IF(BackEnd!$E$2=2, "DH_%", "DH_Count"), BackEnd!$F$5="Toilet Cleaner", IF(BackEnd!$E$2=2, "TC_%", "TC_Count") ) & "'!A" & MATCH( BackEnd!B65, INDIRECT("'" & _xlfn.IFS( BackEnd!$F$5="Noodles", IF(BackEnd!$E$2=2, "N_%", "N_Count"), BackEnd!$F$5="Toothpaste", IF(BackEnd!$E$2=2, "TP_%", "TP_Count"), BackEnd!$F$5="Breakfast Cereal", IF(BackEnd!$E$2=2, "BC_%", "BC_Count"), BackEnd!$F$5="Bleach", IF(BackEnd!$E$2=2, "BL_%", "BL_Count"), BackEnd!$F$5="Edible Oil", IF(BackEnd!$E$2=2, "EO_%", "EO_Count"), BackEnd!$F$5="Snacks", IF(BackEnd!$E$2=2, "SK_%", "SK_Count"), BackEnd!$F$5="Condiment Mixes", IF(BackEnd!$E$2=2, "CM_%", "CM_Count"), BackEnd!$F$5="Wet Hair", IF(BackEnd!$E$2=2, "WH_%", "WH_Count"), BackEnd!$F$5="Dry Hair", IF(BackEnd!$E$2=2, "DH_%", "DH_Count"), BackEnd!$F$5="Toilet Cleaner", IF(BackEnd!$E$2=2, "TC_%", "TC_Count") ) & "'!A:A" ), 0 ), BackEnd!B65 ),"")} | D69: =IF(BackEnd!C65="","",BackEnd!C65)

Sheet BackEnd
E1: Radio Button(N AND % Count) | M1: Noodles | R1: Toothpaste | W1: Breakfast Cereal | AB1: Bleach | AF1: Edible Oil | AK1: Snacks | AP1: Condiment Mixes | AU1: Wet Hair | AZ1: Dry Hair | BE1: Toilet Cleaner
E2: 1 | H2: 1 | I2: Noodles | M2: Table 1 | N2: N_BAU1A. When you think of Instant Noodles, what brand comes to your mind first? | O2: {=INDEX(#REF!,MATCH(BackEnd!N2,#REF!,0)+6,3)} -> #REF! | R2: Table 1 | S2: TP_BAU1A. When you think of Toothpaste, what brand comes to your mind first? | T2: {=INDEX(#REF!,MATCH(BackEnd!S2,#REF!,0)+6,3)} -> #REF! | W2: Table 1 | X2: BC_BAU1A. When you think of Breakfast Breakfast Cereals, what brand comes to your mind first? | Y2: {=INDEX(#REF!,MATCH(BackEnd!X2,#REF!,0)+6,3)} -> #REF! | AB2: Table 1 | AC2: BL_BAU1A. When you think of Bleach, what brand comes to your mind first? | AD2: {=INDEX(#REF!,MATCH(BackEnd!AC2,#REF!,0)+6,3)} -> #REF! | AF2: Table 1 | AG2: EO_BAU1A. When you think of Cooking Oil, what brand comes to your mind first? | AH2: {=INDEX(#REF!,MATCH(BackEnd!AG2,#REF!,0)+6,3)} -> #REF! | AK2: Table 1 | AL2: SK_BAU1A. When you think of Snacks, what brand comes to your mind first? | AM2: {=INDEX(#REF!,MATCH(BackEnd!AL2,#REF!,0)+6,3)} -> #REF! | AP2: Table 1 | AQ2: CM_BAU1A. When you think of Condiments, what brand comes to your mind first? | AR2: {=INDEX(#REF!,MATCH(BackEnd!AQ2,#REF!,0)+6,3)} -> #REF! | AU2: Table 1 | AV2: WH_BAU1A. When you think of Hair Care Products, what brand comes to your mind first? | AW2: {=INDEX(#REF!,MATCH(BackEnd!AV2,#REF!,0)+0,3)} -> #REF! | AZ2: Table 1 | BA2: DH_BAU1A. When you think of Hair Extensions, what brand comes to your mind first? | BB2: {=INDEX(#REF!,MATCH(BackEnd!BA2,#REF!,0)+6,3)} -> #REF! | BE2: Table 1 | BF2: TC_BAU1A. When you think of Toilet cleaners, what brand comes to your mind first? | BG2: {=INDEX(#REF!,MATCH(BackEnd!BF2,#REF!,0)+6,3)} -> #REF!
H3: 2 | I3: Toothpaste | M3: Table 2 | N3: N_BAU1B. What other brands of Instant Noodles can you think of? Any other? Please mention as many brands as you can think of? | O3: {=INDEX(#REF!,MATCH(BackEnd!N3,#REF!,0)+6,3)} -> #REF! | R3: Table 2 | S3: TP_BAU1B. What other brands of Toothpastes can you think of? Please mention as many brands as you can think of: | T3: {=INDEX(#REF!,MATCH(BackEnd!S3,#REF!,0)+6,3)} -> #REF! | W3: Table 2 | X3: BC_BAU1B. What other brands of Breakfast Cereals can you think of? Any other? Please mention as many brands as you can think of: | Y3: {=INDEX(#REF!,MATCH(BackEnd!X3,#REF!,0)+6,3)} -> #REF! | AB3: Table 2 | AC3: BL_BAU1B. What other brands of Bleach can you think of? Any other? Please mention as many brands as you can think of: | AD3: {=INDEX(#REF!,MATCH(BackEnd!AC3,#REF!,0)+6,3)} -> #REF! | AF3: Table 2 | AG3: EO_BAU1B. What other brands of Cooking Oils can you think of? Please mention as many as you can. | AH3: {=INDEX(#REF!,MATCH(BackEnd!AG3,#REF!,0)+6,3)} -> #REF! | AK3: Table 2 | AL3: SK_BAU1B. What other brands of Snacks can you think of? Any other? Please mention as many brands as you can think?. | AM3: {=INDEX(#REF!,MATCH(BackEnd!AL3,#REF!,0)+6,3)} -> #REF! | AP3: Table 2 | AQ3: CM_BAU1B. What other brands of Condiments can you think of? Any other? Please mention as many brands as you can think of | AR3: {=INDEX(#REF!,MATCH(BackEnd!AQ3,#REF!,0)+6,3)} -> #REF! | AU3: Table 2 | AV3: WH_BAU1B. What other brands of Hair Care Products can you think of? Any other? Please mention as many brands as you can think of: | AW3: {=INDEX(#REF!,MATCH(BackEnd!AV3,#REF!,0)+6,3)} -> #REF! | AZ3: Table 2 | BA3: DH_BAU1B. What other brands of Hair Extensions can you think of? Please mention as many as you can | BB3: {=INDEX(#REF!,MATCH(BackEnd!BA3,#REF!,0)+6,3)} -> #REF! | BE3: Table 2 | BF3: TC_BAU1B. What other brands of Toilet cleaners can you think of? Any other? Please mention as many brands as you can think of | BG3: {=INDEX(#REF!,MATCH(BackEnd!BF3,#REF!,0)+6,3)} -> #REF!
E4: Dropdown(Category Selection) | H4: 3 | I4: Breakfast Cereal | M4: Table 3 | N4: N_BAU1C. Which instant Noodles brand first comes to your mind when you think of advertisements in the past 3 ROLL_MONTHs? | O4: {=INDEX(#REF!,MATCH(BackEnd!N4,#REF!,0)+6,3)} -> #REF! | R4: Table 3 | S4: TP_BAU1C. Which Toothpastes brand first comes to your mind when you think of advertisements of brands of Toothpastes in the past 3 ROLL_MONTHs? | T4: {=INDEX(#REF!,MATCH(BackEnd!S4,#REF!,0)+6,3)} -> #REF! | W4: Table 3 | X4: BC_BAU1C. Which Cereal brand first comes to your mind when you think of advertisements of brands of Bleach in the past 3 ROLL_MONTHs? | Y4: {=INDEX(#REF!,MATCH(BackEnd!X4,#REF!,0)+6,3)} -> #REF! | AB4: Table 3 | AC4: BL_BAU1C. Which Bleach brand first comes to your mind when you think of advertisements of brands of Bleach in the past 3 ROLL_MONTHs? | AD4: {=INDEX(#REF!,MATCH(BackEnd!AC4,#REF!,0)+6,3)} -> #REF! | AF4: Table 3 | AG4: EO_BAU1C. Which Cooking Oils brand first comes to your mind when you think of advertisements in the past 3 ROLL_MONTHs? | AH4: {=INDEX(#REF!,MATCH(BackEnd!AG4,#REF!,0)+6,3)} -> #REF! | AK4: Table 3 | AL4: SK_BAU1C. Which Snack brand first comes to your mind when you think of advertisements of brands of Bleach in the past 3 ROLL_MONTHs? | AM4: {=INDEX(#REF!,MATCH(BackEnd!AL4,#REF!,0)+6,3)} -> #REF! | AP4: Table 3 | AQ4: CM_BAU1C. Which Condiment mix brand first comes to your mind when you think of advertisements of brands of Condiments in the past 3 ROLL_MONTHs? | AR4: {=INDEX(#REF!,MATCH(BackEnd!AQ4,#REF!,0)+6,3)} -> #REF! | AU4: Table 3 | AV4: WH_BAU1C. Which Hair Care Product brand first comes to your mind when you think of advertisements of brands of Bleach in the past 3 ROLL_MONTHs? | AW4: {=INDEX(#REF!,MATCH(BackEnd!AV4,#REF!,0)+6,3)} -> #REF! | AZ4: Table 3 | BA4: DH_BAU1C. Which Hair Extension brand first comes to your mind when you think of advertisements in the past 3 ROLL_MONTH? | BB4: {=INDEX(#REF!,MATCH(BackEnd!BA4,#REF!,0)+6,3)} -> #REF! | BE4: Table 3 | BF4: TC_BAU1C. Which Toilet cleaner brand first comes to your mind when you think of advertisements of brands of Bleach in the past 3 ROLL_MONTHs? | BG4: {=INDEX(#REF!,MATCH(BackEnd!BF4,#REF!,0)+6,3)} -> #REF!
E5: 1 | F5: =_xlfn.XLOOKUP(E5,H:H,I:I) -> Noodles | H5: 4 | I5: Bleach | M5: Table 4 | N5: N_BAU1D. Which other brand of instant Noodles advertisement are you aware of? | O5: {=INDEX(#REF!,MATCH(BackEnd!N5,#REF!,0)+6,3)} -> #REF! | R5: Table 4 | S5: TP_BAU1D. Which other brands come to mind when you think of advertisements of Toothpastes in the past 3 ROLL_MONTHs? | T5: {=INDEX(#REF!,MATCH(BackEnd!S5,#REF!,0)+6,3)} -> #REF! | W5: Table 4 | X5: BC_BAU1D. Which other brand of Breakfast Cereals advertisement are you aware of? | Y5: {=INDEX(#REF!,MATCH(BackEnd!X5,#REF!,0)+6,3)} -> #REF! | AB5: Table 4 | AC5: BL_BAU1D. Which other brand of Bleach advertisement are you aware of? | AD5: {=INDEX(#REF!,MATCH(BackEnd!AC5,#REF!,0)+6,3)} -> #REF! | AF5: Table 4 | AG5: EO_BAU1D. Which other brands of Cooking Oils advertisements are you aware of? | AH5: {=INDEX(#REF!,MATCH(BackEnd!AG5,#REF!,0)+6,3)} -> #REF! | AK5: Table 4 | AL5: SK_BAU1D. Which other brand of Snacks advertisement are you aware of?. | AM5: {=INDEX(#REF!,MATCH(BackEnd!AL5,#REF!,0)+6,3)} -> #REF! | AP5: Table 4 | AQ5: CM_BAU1D. Which other brand of Condiments advertisement are you aware of | AR5: {=INDEX(#REF!,MATCH(BackEnd!AQ5,#REF!,0)+6,3)} -> #REF! | AU5: Table 4 | AV5: WH_BAU1D. Which other brand of Hair Care Products advertisement are you aware of? | AW5: {=INDEX(#REF!,MATCH(BackEnd!AV5,#REF!,0)+0,3)} -> #REF! | AZ5: Table 4 | BA5: DH_BAU1D. Which other brand of Hair Extensions advertisement are you aware of | BB5: {=INDEX(#REF!,MATCH(BackEnd!BA5,#REF!,0)+6,3)} -> #REF! | BE5: Table 4 | BF5: TC_BAU1D. Which other brand of Toilet cleaners advertisement are you aware of? | BG5: {=INDEX(#REF!,MATCH(BackEnd!BF5,#REF!,0)+6,3)} -> #REF!
A6: {=IF($E$5=1,M2:O53,IF($E$5=2,R2:T43,IF($E$5=3,W2:Y59,IF($E$5=4,AB2:AD35,IF($E$5=5,AF2:AH42,IF($E$5=6,AK2:AM44,IF($E$5=7,AP2:AR38,IF($E$5=8,AU2:AW43,IF($E$5=9,AZ2:BB38,IF($E$5=10,BE2:BG37))))))))))} -> Table 1 | B6: N_BAU1A. When you think of Instant Noodles, what brand comes to your mind first? | C6: #REF! | H6: 5 | I6: Edible Oil | M6: Table 5 | N6: N_BAU2. Please take a look at this and tell me which brand of Instant Noodles are you aware of? | O6: {=INDEX(#REF!,MATCH(BackEnd!N6,#REF!,0)+6,3)} -> #REF! | R6: Table 5 | S6: TP_BAU2. Please tell me which brand of Toothpastes are you aware of? | T6: {=INDEX(#REF!,MATCH(BackEnd!S6,#REF!,0)+6,3)} -> #REF! | W6: Table 5 | X6: BC_BAU2. Please take a look at this and tell me which brand of Breakfast Cereals are you aware of? | Y6: {=INDEX(#REF!,MATCH(BackEnd!X6,#REF!,0)+6,3)} -> #REF! | AB6: Table 5 | AC6: BL_BAU2. Please take a look at this and tell me which brand of Bleach are you aware of? | AD6: {=INDEX(#REF!,MATCH(BackEnd!AC6,#REF!,0)+6,3)} -> #REF! | AF6: Table 5 | AG6: EO_BAU2. Please tell me which brands of Cooking Oils you are aware of. | AH6: {=INDEX(#REF!,MATCH(BackEnd!AG6,#REF!,0)+6,3)} -> #REF! | AK6: Table 5 | AL6: SK_BAU2. Please take a look at this and tell me which brand of Snacks are you aware of?. | AM6: {=INDEX(#REF!,MATCH(BackEnd!AL6,#REF!,0)+6,3)} -> #REF! | AP6: Table 5 | AQ6: CM_BAU2. Please take a look at this and tell me which brand of Condiments are you aware of? | AR6: {=INDEX(#REF!,MATCH(BackEnd!AQ6,#REF!,0)+6,3)} -> #REF! | AU6: Table 5 | AV6: WH_BAU2. Please take a look at this and tell me which brand of Hair Care Products are you aware of? | AW6: {=INDEX(#REF!,MATCH(BackEnd!AV6,#REF!,0)+0,3)} -> #REF! | AZ6: Table 5 | BA6: DH_BAU2. Please take a look and tell me which brand of Hair Extensions you are aware of | BB6: {=INDEX(#REF!,MATCH(BackEnd!BA6,#REF!,0)+6,3)} -> #REF! | BE6: Table 5 | BF6: TC_BAU2. Please take a look at this and tell me which brand of Toilet cleaners are you aware of? | BG6: {=INDEX(#REF!,MATCH(BackEnd!BF6,#REF!,0)+0,3)} -> #REF!
A7: Table 2 | B7: N_BAU1B. What other brands of Instant Noodles can you think of? Any other? Please mention as many brands as you can think of? | C7: #REF! | H7: 6 | I7: Snacks | M7: Table 6 | N7: N_BAU3. Which other brands in this list do you remember seeing, reading or hearing any advertising for recently? | O7: {=INDEX(#REF!,MATCH(BackEnd!N7,#REF!,0)+6,3)} -> #REF! | R7: Table 6 | S7: TP_BAU3. Which other brands in this list do you remember seeing or hearing advertising for recently? | T7: {=INDEX(#REF!,MATCH(BackEnd!S7,#REF!,0)+6,3)} -> #REF! | W7: Table 6 | X7: BC_BAU3. Which other brands in this list do you remember having seen, read or heard any advertising or activities for recently? | Y7: {=INDEX(#REF!,MATCH(BackEnd!X7,#REF!,0)+6,3)} -> #REF! | AB7: Table 6 | AC7: BL_BAU3. Which other brands in this list do you remember having seen, read or heard any advertising or activities for recently? | AD7: {=INDEX(#REF!,MATCH(BackEnd!AC7,#REF!,0)+6,3)} -> #REF! | AF7: Table 6 | AG7: EO_BAU3. Which other brands in this list do you remember seeing or hearing advertising for recently? | AH7: {=INDEX(#REF!,MATCH(BackEnd!AG7,#REF!,0)+6,3)} -> #REF! | AK7: Table 6 | AL7: SK_BAU3. Which other brands in this list do you remember having seen, read or heard any advertising or activities for recently | AM7: {=INDEX(#REF!,MATCH(BackEnd!AL7,#REF!,0)+6,3)} -> #REF! | AP7: Table 6 | AQ7: CM_BAU3. Which other brands in this list do you remember having seen, read or heard any advertising or activities for recently | AR7: {=INDEX(#REF!,MATCH(BackEnd!AQ7,#REF!,0)+6,3)} -> #REF! | AU7: Table 6 | AV7: WH_BAU3. Which other brands in this list do you remember having seen, read or heard any advertising or activities for recently? | AW7: {=INDEX(#REF!,MATCH(BackEnd!AV7,#REF!,0)+0,3)} -> #REF! | AZ7: Table 6 | BA7: DH_BAU3. Which other brands in this list do you remember seeing or hearing advertised recently | BB7: {=INDEX(#REF!,MATCH(BackEnd!BA7,#REF!,0)+6,3)} -> #REF! | BE7: Table 6 | BF7: TC_BAU3. Which other brands in this list do you remember having seen, read or heard any advertising or activities for recently | BG7: {=INDEX(#REF!,MATCH(BackEnd!BF7,#REF!,0)+6,3)} -> #REF!
A8: Table 3 | B8: N_BAU1C. Which instant Noodles brand first comes to your mind when you think of advertisements in the past 3 ROLL_MONTHs? | C8: #REF! | H8: 7 | I8: Condiment Mixes | M8: Table 7 | N8: N_BAU4. And where have you seen or heard any advertisement/communication about Chikki | O8: {=INDEX(#REF!,MATCH(BackEnd!N8,#REF!,0)+6,3)} -> #REF! | R8: Table 7 | S8: TP_BAU4. Where have you seen or heard any advertisement about Close Up? | T8: {=INDEX(#REF!,MATCH(BackEnd!S8,#REF!,0)+6,3)} -> #REF! | W8: Table 7 | X8: BC_BAU4. Where have you seen or heard any advertisement/communication about Blue Boat | Y8: {=INDEX(#REF!,MATCH(BackEnd!X8,#REF!,0)+6,3)} -> #REF! | AB8: Table 7 | AC8: BL_BAU4. Where have you seen or heard any advertisement/communication about JIK | AD8: {=INDEX(#REF!,MATCH(BackEnd!AC8,#REF!,0)+6,3)} -> #REF! | AF8: Table 7 | AG8: EO_BAU4. Where have you seen or heard any advertisement about Power Oil? | AH8: {=INDEX(#REF!,MATCH(BackEnd!AG8,#REF!,0)+6,3)} -> #REF! | AK8: Table 7 | AL8: SK_BAU4. And where have you seen or heard any advertisement/communication about Gala?. | AM8: {=INDEX(#REF!,MATCH(BackEnd!AL8,#REF!,0)+6,3)} -> #REF! | AP8: Table 7 | AQ8: CM_BAU4. And where have you seen or heard any advertisement/communication about Maggi Cubes | AR8: {=INDEX(#REF!,MATCH(BackEnd!AQ8,#REF!,0)+6,3)} -> #REF! | AU8: Table 7 | AV8: WH_BAU4. And where have you seen or heard any advertisement/communication about PROFECTIV MEGA GROWTH | AW8: {=INDEX(#REF!,MATCH(BackEnd!AV8,#REF!,0)+6,3)} -> #REF! | AZ8: Table 7 | BA8: DH_BAU4. Where have you seen or heard any advertisement about AMIGO | BB8: {=INDEX(#REF!,MATCH(BackEnd!BA8,#REF!,0)+6,3)} -> #REF! | BE8: Table 7 | BF8: TC_BAU4. And where have you seen or heard any advertisement/communication about Harpic Toilet Cleaner | BG8: {=INDEX(#REF!,MATCH(BackEnd!BF8,#REF!,0)+6,3)} -> #REF!
A9: Table 4 | B9: N_BAU1D. Which other brand of instant Noodles advertisement are you aware of? | C9: #REF! | H9: 8 | I9: Wet Hair | M9: Table 8 | N9: N_BAU4. And where have you seen or heard any advertisement/communication about Cherie | O9: {=INDEX(#REF!,MATCH(BackEnd!N9,#REF!,0)+6,3)} -> #REF! | R9: Table 8 | S9: TP_BAU4. Where have you seen or heard any advertisement about Colgate? | T9: {=INDEX(#REF!,MATCH(BackEnd!S9,#REF!,0)+6,3)} -> #REF! | W9: Table 8 | X9: BC_BAU4. Where have you seen or heard any advertisement/communication about Candia Cereal | Y9: {=INDEX(#REF!,MATCH(BackEnd!X9,#REF!,0)+6,3)} -> #REF! | AB9: Table 8 | AC9: BL_BAU4. Where have you seen or heard any advertisement/communication about Hypo | AD9: {=INDEX(#REF!,MATCH(BackEnd!AC9,#REF!,0)+6,3)} -> #REF! | AF9: Table 8 | AG9: EO_BAU4. Where have you seen or heard any advertisement about Mamador? | AH9: {=INDEX(#REF!,MATCH(BackEnd!AG9,#REF!,0)+6,3)} -> #REF! | AK9: Table 8 | AL9: SK_BAU4. And where have you seen or heard any advertisement/communication about Minimie Chinchin?. | AM9: {=INDEX(#REF!,MATCH(BackEnd!AL9,#REF!,0)+6,3)} -> #REF! | AP9: Table 8 | AQ9: CM_BAU4. And where have you seen or heard any advertisement/communication about Knorr Cubes | AR9: {=INDEX(#REF!,MATCH(BackEnd!AQ9,#REF!,0)+6,3)} -> #REF! | AU9: Table 8 | AV9: WH_BAU4. And where have you seen or heard any advertisement/communication about ORS OLIVE OIL | AW9: {=INDEX(#REF!,MATCH(BackEnd!AV9,#REF!,0)+6,3)} -> #REF! | AZ9: Table 8 | BA9: DH_BAU4. Where have you seen or heard any advertisement about BELLA | BB9: {=INDEX(#REF!,MATCH(BackEnd!BA9,#REF!,0)+6,3)} -> #REF! | BE9: Table 8 | BF9: TC_BAU4. And where have you seen or heard any advertisement/communication about Hypo Toilet Cleaner | BG9: {=INDEX(#REF!,MATCH(BackEnd!BF9,#REF!,0)+6,3)} -> #REF!
A10: Table 5 | B10: N_BAU2. Please take a look at this and tell me which brand of Instant Noodles are you aware of? | C10: #REF! | H10: 9 | I10: Dry Hair | M10: Table 9 | N10: N_BAU4. And where have you seen or heard any advertisement/communication about Golden Penny | O10: {=INDEX(#REF!,MATCH(BackEnd!N10,#REF!,0)+6,3)} -> #REF! | R10: Table 9 | S10: TP_BAU4. Where have you seen or heard any advertisement about Dabur? | T10: {=INDEX(#REF!,MATCH(BackEnd!S10,#REF!,0)+6,3)} -> #REF! | W10: Table 9 | X10: BC_BAU4. Where have you seen or heard any advertisement/communication about Choco Milo | Y10: {=INDEX(#REF!,MATCH(BackEnd!X10,#REF!,0)+6,3)} -> #REF! | AB10: Table 9 | AC10: BL_BAU4. Where have you seen or heard any advertisement/communication about Clor | AD10: {=INDEX(#REF!,MATCH(BackEnd!AC10,#REF!,0)+6,3)} -> #REF! | AF10: Table 9 | AG10: EO_BAU4. Where have you seen or heard any advertisement about Golden Terra? | AH10: {=INDEX(#REF!,MATCH(BackEnd!AG10,#REF!,0)+6,3)} -> #REF! | AK10: Table 9 | AL10: SK_BAU4. And where have you seen or heard any advertisement/communication about Munch It?. | AM10: {=INDEX(#REF!,MATCH(BackEnd!AL10,#REF!,0)+6,3)} -> #REF! | AP10: Table 9 | AQ10: CM_BAU4. And where have you seen or heard any advertisement/communication about Royco Seasoning | AR10: {=INDEX(#REF!,MATCH(BackEnd!AQ10,#REF!,0)+6,3)} -> #REF! | AU10: Table 9 | AV10: WH_BAU4. And where have you seen or heard any advertisement/communication about DARK AND LOVELY | AW10: {=INDEX(#REF!,MATCH(BackEnd!AV10,#REF!,0)+6,3)} -> #REF! | AZ10: Table 9 | BA10: DH_BAU4. Where have you seen or heard any advertisement about DARLING | BB10: {=INDEX(#REF!,MATCH(BackEnd!BA10,#REF!,0)+6,3)} -> #REF! | BE10: Table 9 | BF10: TC_BAU4. And where have you seen or heard any advertisement/communication about Kleansol Toilet Cleaner | BG10: {=INDEX(#REF!,MATCH(BackEnd!BF10,#REF!,0)+6,3)} -> #REF!
A11: Table 6 | B11: N_BAU3. Which other brands in this list do you remember seeing, reading or hearing any advertising for recently? | C11: #REF! | H11: 10 | I11: Toilet Cleaner | M11: Table 10 | N11: N_BAU4. And where have you seen or heard any advertisement/communication about Indomie | O11: {=INDEX(#REF!,MATCH(BackEnd!N11,#REF!,0)+6,3)} -> #REF! | R11: Table 10 | S11: TP_BAU4. Where have you seen or heard any advertisement about Euthymol? | T11: {=INDEX(#REF!,MATCH(BackEnd!S11,#REF!,0)+6,3)} -> #REF! | W11: Table 10 | X11: BC_BAU4. Where have you seen or heard any advertisement/communication about Crownfield Cornflakes | Y11: {=INDEX(#REF!,MATCH(BackEnd!X11,#REF!,0)+6,3)} -> #REF! | AB11: Table 10 | AC11: BL_BAU4. Where have you seen or heard any advertisement/communication about Kick | AD11: {=INDEX(#REF!,MATCH(BackEnd!AC11,#REF!,0)+6,3)} -> #REF! | AF11: Table 10 | AG11: EO_BAU4. Where have you seen or heard any advertisement about Active Gold? | AH11: {=INDEX(#REF!,MATCH(BackEnd!AG11,#REF!,0)+6,3)} -> #REF! | AK11: Table 10 | AL11: SK_BAU4. And where have you seen or heard any advertisement/communication about Rite | AM11: {=INDEX(#REF!,MATCH(BackEnd!AL11,#REF!,0)+6,3)} -> #REF! | AP11: Table 10 | AQ11: CM_BAU4. And where have you seen or heard any advertisement/communication about Addmie | AR11: {=INDEX(#REF!,MATCH(BackEnd!AQ11,#REF!,0)+6,3)} -> #REF! | AU11: Table 10 | AV11: WH_BAU4. And where have you seen or heard any advertisement/communication about ELAN | AW11: {=INDEX(#REF!,MATCH(BackEnd!AV11,#REF!,0)+6,3)} -> #REF! | AZ11: Table 10 | BA11: DH_BAU4. Where have you seen or heard any advertisement about LUSH | BB11: {=INDEX(#REF!,MATCH(BackEnd!BA11,#REF!,0)+6,3)} -> #REF! | BE11: Table 10 | BF11: TC_BAU4. And where have you seen or heard any advertisement/communication about Wind Toilet Cleaner | BG11: {=INDEX(#REF!,MATCH(BackEnd!BF11,#REF!,0)+6,3)} -> #REF!
A12: Table 7 | B12: N_BAU4. And where have you seen or heard any advertisement/communication about Chikki | C12: #REF! | M12: Table 11 | N12: N_BAU4. And where have you seen or heard any advertisement/communication about Mimee | O12: {=INDEX(#REF!,MATCH(BackEnd!N12,#REF!,0)+6,3)} -> #REF! | R12: Table 11 | S12: TP_BAU4. Where have you seen or heard any advertisement about Macleans? | T12: {=INDEX(#REF!,MATCH(BackEnd!S12,#REF!,0)+6,3)} -> #REF! | W12: Table 11 | X12: BC_BAU4. Where have you seen or heard any advertisement/communication about Frosted Flakes | Y12: {=INDEX(#REF!,MATCH(BackEnd!X12,#REF!,0)+6,3)} -> #REF! | AB12: Table 11 | AC12: BL_BAU4. Where have you seen or heard any advertisement/communication about Izola | AD12: {=INDEX(#REF!,MATCH(BackEnd!AC12,#REF!,0)+6,3)} -> #REF! | AF12: Table 11 | AG12: EO_BAU4. Where have you seen or heard any advertisement about Emperor? | AH12: {=INDEX(#REF!,MATCH(BackEnd!AG12,#REF!,0)+6,3)} -> #REF! | AK12: Table 11 | AL12: SK_BAU4. And where have you seen or heard any advertisement/communication about Bigi Snacks | AM12: {=INDEX(#REF!,MATCH(BackEnd!AL12,#REF!,0)+6,3)} -> #REF! | AP12: Table 11 | AQ12: CM_BAU4. And where have you seen or heard any advertisement/communication about Ducros Curry Powder | AR12: {=INDEX(#REF!,MATCH(BackEnd!AQ12,#REF!,0)+6,3)} -> #REF! | AU12: Table 11 | AV12: WH_BAU4. And where have you seen or heard any advertisement/communication about SUNNYPEACE (LAZINA) | AW12: {=INDEX(#REF!,MATCH(BackEnd!AV12,#REF!,0)+6,3)} -> #REF! | AZ12: Table 11 | BA12: DH_BAU4. Where have you seen or heard any advertisement about NOBLE | BB12: {=INDEX(#REF!,MATCH(BackEnd!BA12,#REF!,0)+6,3)} -> #REF! | BE12: Table 11 | BF12: TC_BAU4. And where have you seen or heard any advertisement/communication about Kleanmate Toilet Cleaner | BG12: {=INDEX(#REF!,MATCH(BackEnd!BF12,#REF!,0)+6,3)} -> #REF!
A13: Table 8 | B13: N_BAU4. And where have you seen or heard any advertisement/communication about Cherie | C13: #REF! | M13: Table 12 | N13: N_BAU4. And where have you seen or heard any advertisement/communication about Tummy Tummy | O13: {=INDEX(#REF!,MATCH(BackEnd!N13,#REF!,0)+6,3)} -> #REF! | R13: Table 12 | S13: TP_BAU4. Where have you seen or heard any advertisement about My My? | T13: {=INDEX(#REF!,MATCH(BackEnd!S13,#REF!,0)+6,3)} -> #REF! | W13: Table 12 | X13: BC_BAU4. Where have you seen or heard any advertisement/communication about Golden Morn | Y13: {=INDEX(#REF!,MATCH(BackEnd!X13,#REF!,0)+6,3)} -> #REF! | AB13: Table 12 | AC13: BL_BAU4. Where have you seen or heard any advertisement/communication about others | AD13: {=INDEX(#REF!,MATCH(BackEnd!AC13,#REF!,0)+6,3)} -> #REF! | AF13: Table 12 | AG13: EO_BAU4. Where have you seen or heard any advertisement about Golden Penny? | AH13: {=INDEX(#REF!,MATCH(BackEnd!AG13,#REF!,0)+6,3)} -> #REF! | AK13: Table 12 | AL13: SK_BAU4. And where have you seen or heard any advertisement/communication about Mr Biggs | AM13: {=INDEX(#REF!,MATCH(BackEnd!AL13,#REF!,0)+6,3)} -> #REF! | AP13: Table 12 | AQ13: CM_BAU4. And where have you seen or heard any advertisement/communication about Onga Seasoning | AR13: {=INDEX(#REF!,MATCH(BackEnd!AQ13,#REF!,0)+6,3)} -> #REF! | AU13: Table 12 | AV13: WH_BAU4. And where have you seen or heard any advertisement/communication about BEVA | AW13: {=INDEX(#REF!,MATCH(BackEnd!AV13,#REF!,0)+6,3)} -> #REF! | AZ13: Table 12 | BA13: DH_BAU4. Where have you seen or heard any advertisement about XPRESSION | BB13: {=INDEX(#REF!,MATCH(BackEnd!BA13,#REF!,0)+6,3)} -> #REF! | BE13: Table 12 | BF13: TC_BAU4. And where have you seen or heard any advertisement/communication about Mr Muscle | BG13: {=INDEX(#REF!,MATCH(BackEnd!BF13,#REF!,0)+6,3)} -> #REF!
A14: Table 9 | B14: N_BAU4. And where have you seen or heard any advertisement/communication about Golden Penny | C14: #REF! | M14: Table 13 | N14: N_BAU4. And where have you seen or heard any advertisement/communication about Minimie | O14: {=INDEX(#REF!,MATCH(BackEnd!N14,#REF!,0)+6,3)} -> #REF! | R14: Table 13 | S14: TP_BAU4. Where have you seen or heard any advertisement about Oral-B? | T14: {=INDEX(#REF!,MATCH(BackEnd!S14,#REF!,0)+6,3)} -> #REF! | W14: Table 13 | X14: BC_BAU4. Where have you seen or heard any advertisement/communication about Good Morning Cornflakes | Y14: {=INDEX(#REF!,MATCH(BackEnd!X14,#REF!,0)+6,3)} -> #REF! | AB14: Table 13 | AC14: BL_BAU5A. Which of these Bleach brands have you ever used? | AD14: {=INDEX(#REF!,MATCH(BackEnd!AC14,#REF!,0)+6,3)} -> #REF! | AF14: Table 13 | AG14: EO_BAU4. Where have you seen or heard any advertisement about Grand? | AH14: {=INDEX(#REF!,MATCH(BackEnd!AG14,#REF!,0)+6,3)} -> #REF! | AK14: Table 13 | AL14: SK_BAU4. And where have you seen or heard any advertisement/communication about Supreme | AM14: {=INDEX(#REF!,MATCH(BackEnd!AL14,#REF!,0)+6,3)} -> #REF! | AP14: Table 13 | AQ14: CM_BAU4. And where have you seen or heard any advertisement/communication about Ajinomoto | AR14: {=INDEX(#REF!,MATCH(BackEnd!AQ14,#REF!,0)+6,3)} -> #REF! | AU14: Table 13 | AV14: WH_BAU4. And where have you seen or heard any advertisement/communication about OZONE | AW14: {=INDEX(#REF!,MATCH(BackEnd!AV14,#REF!,0)+6,3)} -> #REF! | AZ14: Table 13 | BA14: DH_BAU4. Where have you seen or heard any advertisement about LADY STAR | BB14: {=INDEX(#REF!,MATCH(BackEnd!BA14,#REF!,0)+6,3)} -> #REF! | BE14: Table 13 | BF14: TC_BAU4. And where have you seen or heard any advertisement/communication about Flow Toilet Cleaner | BG14: {=INDEX(#REF!,MATCH(BackEnd!BF14,#REF!,0)+6,3)} -> #REF!
A15: Table 10 | B15: N_BAU4. And where have you seen or heard any advertisement/communication about Indomie | C15: #REF! | M15: Table 14 | N15: N_BAU4. And where have you seen or heard any advertisement/communication about Supreme | O15: {=INDEX(#REF!,MATCH(BackEnd!N15,#REF!,0)+6,3)} -> #REF! | R15: Table 14 | S15: TP_BAU4. Where have you seen or heard any advertisement about Pepsodent? | T15: {=INDEX(#REF!,MATCH(BackEnd!S15,#REF!,0)+6,3)} -> #REF! | W15: Table 14 | X15: BC_BAU4. Where have you seen or heard any advertisement/communication about Harvest Morn Cornflakes | Y15: {=INDEX(#REF!,MATCH(BackEnd!X15,#REF!,0)+6,3)} -> #REF! | AB15: Table 14 | AC15: BL_BAU5C. Which of these Bleach brands have you used in the last 3 ROLL_MONTHs? | AD15: {=INDEX(#REF!,MATCH(BackEnd!AC15,#REF!,0)+6,3)} -> #REF! | AF15: Table 14 | AG15: EO_BAU4. Where have you seen or heard any advertisement about Laziz? | AH15: {=INDEX(#REF!,MATCH(BackEnd!AG15,#REF!,0)+6,3)} -> #REF! | AK15: Table 14 | AL15: SK_BAU4. And where have you seen or heard any advertisement/communication about Fan | AM15: {=INDEX(#REF!,MATCH(BackEnd!AL15,#REF!,0)+6,3)} -> #REF! | AP15: Table 14 | AQ15: CM_BAU4. And where have you seen or heard any advertisement/communication about Doyin Seasoning | AR15: {=INDEX(#REF!,MATCH(BackEnd!AQ15,#REF!,0)+6,3)} -> #REF! | AU15: Table 14 | AV15: WH_BAU4. And where have you seen or heard any advertisement/communication about RELAX | AW15: {=INDEX(#REF!,MATCH(BackEnd!AV15,#REF!,0)+6,3)} -> #REF! | AZ15: Table 14 | BA15: DH_BAU4. Where have you seen or heard any advertisement about NAOMI | BB15: {=INDEX(#REF!,MATCH(BackEnd!BA15,#REF!,0)+6,3)} -> #REF! | BE15: Table 14 | BF15: TC_BAU4. And where have you seen or heard any advertisement/communication about Others | BG15: {=INDEX(#REF!,MATCH(BackEnd!BF15,#REF!,0)+6,3)} -> #REF!
A16: Table 11 | B16: N_BAU4. And where have you seen or heard any advertisement/communication about Mimee | C16: #REF! | M16: Table 15 | N16: N_BAU4. And where have you seen or heard any advertisement/communication about Honeywell | O16: {=INDEX(#REF!,MATCH(BackEnd!N16,#REF!,0)+6,3)} -> #REF! | R16: Table 15 | S16: TP_BAU4. Where have you seen or heard any advertisement about Sensodyne? | T16: {=INDEX(#REF!,MATCH(BackEnd!S16,#REF!,0)+6,3)} -> #REF! | W16: Table 15 | X16: BC_BAU4. Where have you seen or heard any advertisement/communication about Honey Bunches of Oats | Y16: {=INDEX(#REF!,MATCH(BackEnd!X16,#REF!,0)+6,3)} -> #REF! | AB16: Table 15 | AC16: BL_BAU6A. Which of these Bleach brands have you used in the last 1 ROLL_MONTH? | AD16: {=INDEX(#REF!,MATCH(BackEnd!AC16,#REF!,0)+6,3)} -> #REF! | AF16: Table 15 | AG16: EO_BAU4. Where have you seen or heard any advertisement about Laser? | AH16: {=INDEX(#REF!,MATCH(BackEnd!AG16,#REF!,0)+6,3)} -> #REF! | AK16: Table 15 | AL16: SK_BAU4. And where have you seen or heard any advertisement/communication about Others | AM16: {=INDEX(#REF!,MATCH(BackEnd!AL16,#REF!,0)+6,3)} -> #REF! | AP16: Table 15 | AQ16: CM_BAU4. And where have you seen or heard any advertisement/communication about Suppy Seasoning | AR16: {=INDEX(#REF!,MATCH(BackEnd!AQ16,#REF!,0)+6,3)} -> #REF! | AU16: Table 15 | AV16: WH_BAU4. And where have you seen or heard any advertisement/communication about TCB | AW16: {=INDEX(#REF!,MATCH(BackEnd!AV16,#REF!,0)+6,3)} -> #REF! | AZ16: Table 15 | BA16: DH_BAU4. Where have you seen or heard any advertisement about X-PRESTIGE | BB16: {=INDEX(#REF!,MATCH(BackEnd!BA16,#REF!,0)+6,3)} -> #REF! | BE16: Table 15 | BF16: TC_BAU5A. Which of these Toilet cleaner brands have you ever used | BG16: {=INDEX(#REF!,MATCH(BackEnd!BF16,#REF!,0)+6,3)} -> #REF!
A17: Table 12 | B17: N_BAU4. And where have you seen or heard any advertisement/communication about Tummy Tummy | C17: #REF! | M17: Table 16 | N17: N_BAU4. And where have you seen or heard any advertisement/communication about Tasty Tom | O17: {=INDEX(#REF!,MATCH(BackEnd!N17,#REF!,0)+6,3)} -> #REF! | R17: Table 16 | S17: TP_BAU4. Where have you seen or heard any advertisement about Olive? | T17: {=INDEX(#REF!,MATCH(BackEnd!S17,#REF!,0)+6,3)} -> #REF! | W17: Table 16 | X17: BC_BAU4. Where have you seen or heard any advertisement/communication about Infinity Cornflakes | Y17: {=INDEX(#REF!,MATCH(BackEnd!X17,#REF!,0)+6,3)} -> #REF! | AB17: Table 16 | AC17: BL_BAU6B. Which of these Bleach brands have you used in the last 7 days? | AD17: {=INDEX(#REF!,MATCH(BackEnd!AC17,#REF!,0)+6,3)} -> #REF! | AF17: Table 16 | AG17: EO_BAU4. Where have you seen or heard any advertisement about Devon King’s? | AH17: {=INDEX(#REF!,MATCH(BackEnd!AG17,#REF!,0)+6,3)} -> #REF! | AK17: Table 16 | AL17: SK_BAU5A. Which of these Snack brands have you ever consumed | AM17: {=INDEX(#REF!,MATCH(BackEnd!AL17,#REF!,0)+6,3)} -> #REF! | AP17: Table 16 | AQ17: CM_BAU4 And where have you seen or heard any advertisement/communication about Gino Curry Powder | AR17: {=INDEX(#REF!,MATCH(BackEnd!AQ17,#REF!,0)+6,3)} -> #REF! | AU17: Table 16 | AV17: WH_BAU4. And where have you seen or heard any advertisement/communication about EBONY | AW17: {=INDEX(#REF!,MATCH(BackEnd!AV17,#REF!,0)+6,3)} -> #REF! | AZ17: Table 16 | BA17: DH_BAU4. Where have you seen or heard any advertisement about AVIV | BB17: {=INDEX(#REF!,MATCH(BackEnd!BA17,#REF!,0)+6,3)} -> #REF! | BE17: Table 16 | BF17: TC_BAU5C. And which of these Toilet cleaner brands have you used in the last 3 ROLL_MONTHs | BG17: {=INDEX(#REF!,MATCH(BackEnd!BF17,#REF!,0)+6,3)} -> #REF!
A18: Table 13 | B18: N_BAU4. And where have you seen or heard any advertisement/communication about Minimie | C18: #REF! | M18: Table 17 | N18: N_BAU4. And where have you seen or heard any advertisement/communication about Jolly Jolly | O18: {=INDEX(#REF!,MATCH(BackEnd!N18,#REF!,0)+6,3)} -> #REF! | R18: Table 17 | S18: TP_BAU4. Where have you seen or heard any advertisement about Oracare +? | T18: {=INDEX(#REF!,MATCH(BackEnd!S18,#REF!,0)+6,3)} -> #REF! | W18: Table 17 | X18: BC_BAU4. Where have you seen or heard any advertisement/communication about Kellogg’s Coco Pops | Y18: {=INDEX(#REF!,MATCH(BackEnd!X18,#REF!,0)+6,3)} -> #REF! | AB18: Table 17 | AC18: BL_BAU6C. Which one brand of Bleach do you consume most often and would call your main brand? | AD18: {=INDEX(#REF!,MATCH(BackEnd!AC18,#REF!,0)+6,3)} -> #REF! | AF18: Table 17 | AG18: EO_BAU4. Where have you seen or heard any advertisement about Sunola? | AH18: {=INDEX(#REF!,MATCH(BackEnd!AG18,#REF!,0)+6,3)} -> #REF! | AK18: Table 17 | AL18: SK_BAU5C. And which of these Snack brands have you consumed in the last 3 ROLL_MONTH? | AM18: {=INDEX(#REF!,MATCH(BackEnd!AL18,#REF!,0)+6,3)} -> #REF! | AP18: Table 17 | AQ18: CM_BAU4 And where have you seen or heard any advertisement/communication about Benny Chicken Seasoning | AR18: {=INDEX(#REF!,MATCH(BackEnd!AQ18,#REF!,0)+6,3)} -> #REF! | AU18: Table 17 | AV18: WH_BAU4. And where have you seen or heard any advertisement/communication about LUSH | AW18: {=INDEX(#REF!,MATCH(BackEnd!AV18,#REF!,0)+6,3)} -> #REF! | AZ18: Table 17 | BA18: DH_BAU4. Where have you seen or heard any advertisement about HairSense | BB18: {=INDEX(#REF!,MATCH(BackEnd!BA18,#REF!,0)+6,3)} -> #REF! | BE18: Table 17 | BF18: TC_BAU6A. And which of these Toilet cleaner brands have you used in the last 1 ROLL_MONTH | BG18: {=INDEX(#REF!,MATCH(BackEnd!BF18,#REF!,0)+6,3)} -> #REF!
A19: Table 14 | B19: N_BAU4. And where have you seen or heard any advertisement/communication about Supreme | C19: #REF! | M19: Table 18 | N19: N_BAU4. And where have you seen or heard any advertisement/communication about Masters | O19: {=INDEX(#REF!,MATCH(BackEnd!N19,#REF!,0)+6,3)} -> #REF! | R19: Table 18 | S19: TP_BAU4. Where have you seen or heard any advertisement about Xtreme? | T19: {=INDEX(#REF!,MATCH(BackEnd!S19,#REF!,0)+6,3)} -> #REF! | W19: Table 18 | X19: BC_BAU4. Where have you seen or heard any advertisement/communication about Kellogg’s Cornflakes | Y19: {=INDEX(#REF!,MATCH(BackEnd!X19,#REF!,0)+6,3)} -> #REF! | AB19: Table 18 | AC19: BL_BAU6D. Please tell me the primary reason for consuming the brand | AD19: {=INDEX(#REF!,MATCH(BackEnd!AC19,#REF!,0)+6,3)} -> #REF! | AF19: Table 18 | AG19: EO_BAU4. Where have you seen or heard any advertisement about Wesson? | AH19: {=INDEX(#REF!,MATCH(BackEnd!AG19,#REF!,0)+6,3)} -> #REF! | AK19: Table 18 | AL19: SK_BAU6A. And which of these Snack brands have you consumed in the last 1 ROLL_MONTH | AM19: {=INDEX(#REF!,MATCH(BackEnd!AL19,#REF!,0)+6,3)} -> #REF! | AP19: Table 18 | AQ19: CM_BAU4 And where have you seen or heard any advertisement/communication about Others | AR19: {=INDEX(#REF!,MATCH(BackEnd!AQ19,#REF!,0)+6,3)} -> #REF! | AU19: Table 18 | AV19: WH_BAU4. And where have you seen or heard any advertisement/communication about TOPKLASS | AW19: {=INDEX(#REF!,MATCH(BackEnd!AV19,#REF!,0)+6,3)} -> #REF! | AZ19: Table 18 | BA19: DH_BAU4. And where have you seen or heard any advertisement/communication about Others | BB19: {=INDEX(#REF!,MATCH(BackEnd!BA19,#REF!,0)+6,3)} -> #REF! | BE19: Table 18 | BF19: TC_BAU6B. And which of these Toilet cleaner brands have you used in the last 7 days | BG19: {=INDEX(#REF!,MATCH(BackEnd!BF19,#REF!,0)+6,3)} -> #REF!
A20: Table 15 | B20: N_BAU4. And where have you seen or heard any advertisement/communication about Honeywell | C20: #REF! | M20: Table 19 | N20: N_BAU4. And where have you seen or heard any advertisement/communication about Bestie | O20: {=INDEX(#REF!,MATCH(BackEnd!N20,#REF!,0)+6,3)} -> #REF! | R20: Table 19 | S20: TP_BAU4. Where have you seen or heard any advertisement about Others? | T20: {=INDEX(#REF!,MATCH(BackEnd!S20,#REF!,0)+6,3)} -> #REF! | W20: Table 19 | X20: BC_BAU4. Where have you seen or heard any advertisement/communication about Kellogg’s Rice Krispies | Y20: {=INDEX(#REF!,MATCH(BackEnd!X20,#REF!,0)+6,3)} -> #REF! | AB20: Table 19 | AC20: BL_BAU8. Which of these brands of Bleach do you prefer the most? | AD20: {=INDEX(#REF!,MATCH(BackEnd!AC20,#REF!,0)+6,3)} -> #REF! | AF20: Table 19 | AG20: EO_BAU4. Where have you seen or heard any advertisement about Activa? | AH20: {=INDEX(#REF!,MATCH(BackEnd!AG20,#REF!,0)+6,3)} -> #REF! | AK20: Table 19 | AL20: SK_BAU6B. And which of these Snack brands have you consumed in the last 7 days | AM20: {=INDEX(#REF!,MATCH(BackEnd!AL20,#REF!,0)+6,3)} -> #REF! | AP20: Table 19 | AQ20: CM_BAU5A. Which of these Condiment mix brands have you ever used | AR20: {=INDEX(#REF!,MATCH(BackEnd!AQ20,#REF!,0)+6,3)} -> #REF! | AU20: Table 19 | AV20: WH_BAU4. And where have you seen or heard any advertisement/communication about PETALS | AW20: {=INDEX(#REF!,MATCH(BackEnd!AV20,#REF!,0)+6,3)} -> #REF! | AZ20: Table 19 | BA20: DH_BAU5A. Which of these Hair Extension brands have you ever used | BB20: {=INDEX(#REF!,MATCH(BackEnd!BA20,#REF!,0)+6,3)} -> #REF! | BE20: Table 19 | BF20: TC_BAU6C. Which one brand of Toilet cleaner do you consume most often and would call as your main brand? | BG20: {=INDEX(#REF!,MATCH(BackEnd!BF20,#REF!,0)+0,3)} -> #REF!
A21: Table 16 | B21: N_BAU4. And where have you seen or heard any advertisement/communication about Tasty Tom | C21: #REF! | M21: Table 20 | N21: N_BAU4. And where have you seen or heard any advertisement/communication about Others | O21: {=INDEX(#REF!,MATCH(BackEnd!N21,#REF!,0)+6,3)} -> #REF! | R21: Table 20 | S21: TP_BAU5A. Which of these Toothpaste brands have you ever used? | T21: {=INDEX(#REF!,MATCH(BackEnd!S21,#REF!,0)+6,3)} -> #REF! | W21: Table 20 | X21: BC_BAU4. Where have you seen or heard any advertisement/communication about Luna Cereal | Y21: {=INDEX(#REF!,MATCH(BackEnd!X21,#REF!,0)+6,3)} -> #REF! | AB21: Table 20 | AC21: BL_BAU9. How often do you purchase bleach? | AD21: {=INDEX(#REF!,MATCH(BackEnd!AC21,#REF!,0)+6,3)} -> #REF! | AF21: Table 20 | AG21: EO_BAU4. Where have you seen or heard any advertisement about Casa de Campo? | AH21: {=INDEX(#REF!,MATCH(BackEnd!AG21,#REF!,0)+6,3)} -> #REF! | AK21: Table 20 | AL21: SK_BAU6C. Which one brand of Snack do you consume most often and would call as your main brand? | AM21: {=INDEX(#REF!,MATCH(BackEnd!AL21,#REF!,0)+0,3)} -> #REF! | AP21: Table 20 | AQ21: CM_BAU5C. And which of these Condiment mix brands have you used in the last 3 ROLL_MONTHs | AR21: {=INDEX(#REF!,MATCH(BackEnd!AQ21,#REF!,0)+6,3)} -> #REF! | AU21: Table 20 | AV21: WH_BAU4. And where have you seen or heard any advertisement/communication about PROFECTIV MEGA GROWTH | AW21: {=INDEX(#REF!,MATCH(BackEnd!AV21,#REF!,0)+6,3)} -> #REF! | AZ21: Table 20 | BA21: DH_BAU5C. Which of these Hair Extension brands have you used in the last 3 ROLL_MONTH? | BB21: {=INDEX(#REF!,MATCH(BackEnd!BA21,#REF!,0)+6,3)} -> #REF! | BE21: Table 20 | BF21: TC_BAU6D. Please tell me the primary reason for consuming the Brand | BG21: {=INDEX(#REF!,MATCH(BackEnd!BF21,#REF!,0)+6,3)} -> #REF!
A22: Table 17 | B22: N_BAU4. And where have you seen or heard any advertisement/communication about Jolly Jolly | C22: #REF! | M22: Table 21 | N22: N_BAU5A. Which of these instant Noodles brands have you ever consumed? | O22: {=INDEX(#REF!,MATCH(BackEnd!N22,#REF!,0)+6,3)} -> #REF! | R22: Table 21 | S22: TP_BAU5C. Which of these Toothpaste brands have you ever used in the last 3 ROLL_MONTHs? | T22: {=INDEX(#REF!,MATCH(BackEnd!S22,#REF!,0)+6,3)} -> #REF! | W22: Table 21 | X22: BC_BAU4. Where have you seen or heard any advertisement/communication about NASCO Cornflakes | Y22: {=INDEX(#REF!,MATCH(BackEnd!X22,#REF!,0)+6,3)} -> #REF! | AB22: Table 21 | AC22: BL_BAU10. What pack size of bleach do you buy most often? | AD22: {=INDEX(#REF!,MATCH(BackEnd!AC22,#REF!,0)+6,3)} -> #REF! | AF22: Table 21 | AG22: EO_BAU4. Where have you seen or heard any advertisement about Unbranded/Loose Oil? | AH22: {=INDEX(#REF!,MATCH(BackEnd!AG22,#REF!,0)+6,3)} -> #REF! | AK22: Table 21 | AL22: SK_BAU6D. Please tell me the primary reason for consuming the Brand | AM22: {=INDEX(#REF!,MATCH(BackEnd!AL22,#REF!,0)+6,3)} -> #REF! | AP22: Table 21 | AQ22: CM_BAU6A. And which of these Condiment mix brands have you used in the last 1 ROLL_MONTH | AR22: {=INDEX(#REF!,MATCH(BackEnd!AQ22,#REF!,0)+6,3)} -> #REF! | AU22: Table 21 | AV22: WH_BAU4. And where have you seen or heard any advertisement/communication about HAIR WONDER | AW22: {=INDEX(#REF!,MATCH(BackEnd!AV22,#REF!,0)+6,3)} -> #REF! | AZ22: Table 21 | BA22: DH_BAU6A. Which of these Hair Extension brands have you used in the last 1 ROLL_MONTH | BB22: {=INDEX(#REF!,MATCH(BackEnd!BA22,#REF!,0)+6,3)} -> #REF! | BE22: Table 21 | BF22: TC_BAU8. Which of these brands of Toilet cleaner do you prefer the most? | BG22: {=INDEX(#REF!,MATCH(BackEnd!BF22,#REF!,0)+0,3)} -> #REF!
A23: Table 18 | B23: N_BAU4. And where have you seen or heard any advertisement/communication about Masters | C23: #REF! | M23: Table 22 | N23: N_BAU5C. And which of these instant Noodles brands have you consumed in the last 3 ROLL_MONTHs? | O23: {=INDEX(#REF!,MATCH(BackEnd!N23,#REF!,0)+6,3)} -> #REF! | R23: Table 22 | S23: TP_BAU6A. Which of these Toothpaste brands have you ever used in the last 1 ROLL_MONTH? | T23: {=INDEX(#REF!,MATCH(BackEnd!S23,#REF!,0)+6,3)} -> #REF! | W23: Table 22 | X23: BC_BAU4. Where have you seen or heard any advertisement/communication about Nestlé Milo Cereal | Y23: {=INDEX(#REF!,MATCH(BackEnd!X23,#REF!,0)+6,3)} -> #REF! | AB23: Table 22 | AC23: BL_QBI. (Wipes off stains from hard surfaces such as sinks & tiles better than detergent alone) Impressions of Bleach brands | AD23: {=INDEX(#REF!,MATCH(BackEnd!AC23,#REF!,0)+6,3)} -> #REF! | AF23: Table 22 | AG23: EO_BAU4. Where have you seen or heard any advertisement/communication about Others | AH23: {=INDEX(#REF!,MATCH(BackEnd!AG23,#REF!,0)+6,3)} -> #REF! | AK23: Table 22 | AL23: SK_BAU8. Which of these brands of Snack do you prefer the most? | AM23: {=INDEX(#REF!,MATCH(BackEnd!AL23,#REF!,0)+0,3)} -> #REF! | AP23: Table 22 | AQ23: CM_BAU6B. And which of these Condiment mix brands have you used in the last 7 days | AR23: {=INDEX(#REF!,MATCH(BackEnd!AQ23,#REF!,0)+6,3)} -> #REF! | AU23: Table 22 | AV23: WH_BAU4. And where have you seen or heard any advertisement/communication about Others | AW23: {=INDEX(#REF!,MATCH(BackEnd!AV23,#REF!,0)+6,3)} -> #REF! | AZ23: Table 22 | BA23: DH_BAU6B. Which of these Hair Extension brands have you used in the last 7 days | BB23: {=INDEX(#REF!,MATCH(BackEnd!BA23,#REF!,0)+6,3)} -> #REF! | BE23: Table 22 | BF23: TC_BAU9. How often do you purchase toilet cleaner? | BG23: {=INDEX(#REF!,MATCH(BackEnd!BF23,#REF!,0)+0,3)} -> #REF!
A24: Table 19 | B24: N_BAU4. And where have you seen or heard any advertisement/communication about Bestie | C24: #REF! | M24: Table 23 | N24: N_BAU6A. And which of these instant Noodles brands have you consumed in the last 1 ROLL_MONTH? | O24: {=INDEX(#REF!,MATCH(BackEnd!N24,#REF!,0)+6,3)} -> #REF! | R24: Table 23 | S24: TP_BAU6B. Which of these Toothpaste brands have you ever used in the last 7 days? | T24: {=INDEX(#REF!,MATCH(BackEnd!S24,#REF!,0)+6,3)} -> #REF! | W24: Table 23 | X24: BC_BAU4. Where have you seen or heard any advertisement/communication about Oat Krunch | Y24: {=INDEX(#REF!,MATCH(BackEnd!X24,#REF!,0)+6,3)} -> #REF! | AB24: Table 23 | AC24: BL_QBI. (It is good for everyday use) Impressions of Bleach brands | AD24: {=INDEX(#REF!,MATCH(BackEnd!AC24,#REF!,0)+6,3)} -> #REF! | AF24: Table 23 | AG24: EO_BAU5A. Which of these Cooking Oils brands have you ever used? | AH24: {=INDEX(#REF!,MATCH(BackEnd!AG24,#REF!,0)+6,3)} -> #REF! | AK24: Table 23 | AL24: SK_BAU9. How often do you purchase snacks? | AM24: {=INDEX(#REF!,MATCH(BackEnd!AL24,#REF!,0)+0,3)} -> #REF! | AP24: Table 23 | AQ24: CM_BAU6C. Which one brand of Condiment mix do you consume most often and would call as your main brand? | AR24: {=INDEX(#REF!,MATCH(BackEnd!AQ24,#REF!,0)+6,3)} -> #REF! | AU24: Table 23 | AV24: WH_BAU5A. Which of these Hair Care Product brands have you ever used | AW24: {=INDEX(#REF!,MATCH(BackEnd!AV24,#REF!,0)+6,3)} -> #REF! | AZ24: Table 23 | BA24: DH_BAU6C. Which one brand of Hair Extension do you consume most often and would call your main brand | BB24: {=INDEX(#REF!,MATCH(BackEnd!BA24,#REF!,0)+6,3)} -> #REF! | BE24: Table 23 | BF24: TC_BAU10. What pack size of toilet cleaner do you buy most often? | BG24: {=INDEX(#REF!,MATCH(BackEnd!BF24,#REF!,0)+0,3)} -> #REF!
A25: Table 20 | B25: N_BAU4. And where have you seen or heard any advertisement/communication about Others | C25: #REF! | M25: Table 24 | N25: N_BAU6B. And which of these instant Noodles brands have you consumed in the last 7 days? | O25: {=INDEX(#REF!,MATCH(BackEnd!N25,#REF!,0)+6,3)} -> #REF! | R25: Table 24 | S25: TP_BAU6C. Which one brand of Toothpaste do you consume most often and would call your main brand? | T25: {=INDEX(#REF!,MATCH(BackEnd!S25,#REF!,0)+6,3)} -> #REF! | W25: Table 24 | X25: BC_BAU4. Where have you seen or heard any advertisement/communication about Ovaltine Cornflakes | Y25: {=INDEX(#REF!,MATCH(BackEnd!X25,#REF!,0)+6,3)} -> #REF! | AB25: Table 24 | AC25: BL_QBI. (Kills germs/Better hygiene) Impressions of Bleach brands | AD25: {=INDEX(#REF!,MATCH(BackEnd!AC25,#REF!,0)+6,3)} -> #REF! | AF25: Table 24 | AG25: EO_BAU5C. Which of these Cooking Oils brands have you used in the last 3 ROLL_MONTHs? | AH25: {=INDEX(#REF!,MATCH(BackEnd!AG25,#REF!,0)+6,3)} -> #REF! | AK25: Table 24 | AL25: SK_BAU10. What pack size of snacks do you buy most often? | AM25: {=INDEX(#REF!,MATCH(BackEnd!AL25,#REF!,0)+0,3)} -> #REF! | AP25: Table 24 | AQ25: CM_BAU6D. Please tell me the primary reason for consuming the Brand | AR25: {=INDEX(#REF!,MATCH(BackEnd!AQ25,#REF!,0)+6,3)} -> #REF! | AU25: Table 24 | AV25: WH_BAU5C. And which of these Hair Care Product brands have you used in the last 3 ROLL_MONTH? | AW25: {=INDEX(#REF!,MATCH(BackEnd!AV25,#REF!,0)+6,3)} -> #REF! | AZ25: Table 24 | BA25: DH_BAU6D. Please tell me the primary reason for consuming the Brand | BB25: {=INDEX(#REF!,MATCH(BackEnd!BA25,#REF!,0)+6,3)} -> #REF! | BE25: Table 24 | BF25: TC_QBI. (Kills germs effectively) Now we would like your impressions of some Toilet cleaner brands, whether or not you have tried them yourself?. | BG25: {=INDEX(#REF!,MATCH(BackEnd!BF25,#REF!,0)+6,3)} -> #REF!
A26: Table 21 | B26: N_BAU5A. Which of these instant Noodles brands have you ever consumed? | C26: #REF! | M26: Table 25 | N26: N_BAU6C. Which one brand of instant noodles do you consume most often and would call as your main brand? | O26: {=INDEX(#REF!,MATCH(BackEnd!N26,#REF!,0)+6,3)} -> #REF! | R26: Table 25 | S26: TP_BAU6D. Primary reasons for consuming your main Toothpaste brand? | T26: {=INDEX(#REF!,MATCH(BackEnd!S26,#REF!,0)+6,3)} -> #REF! | W26: Table 25 | X26: BC_BAU4. Where have you seen or heard any advertisement/communication about Quaker Oats | Y26: {=INDEX(#REF!,MATCH(BackEnd!X26,#REF!,0)+6,3)} -> #REF! | AB26: Table 25 | AC26: BL_QBI. (Available in different pack sizes) Impressions of Bleach brands | AD26: {=INDEX(#REF!,MATCH(BackEnd!AC26,#REF!,0)+6,3)} -> #REF! | AF26: Table 25 | AG26: EO_BAU6A. Which of these Cooking Oils brands have you used in the last 1 ROLL_MONTH? | AH26: {=INDEX(#REF!,MATCH(BackEnd!AG26,#REF!,0)+6,3)} -> #REF! | AK26: Table 25 | AL26: SK_QBI. (Is crunchy) Now we would like your impressions of some Snack brands, whether or not you have tried them yourself | AM26: {=INDEX(#REF!,MATCH(BackEnd!AL26,#REF!,0)+6,3)} -> #REF! | AP26: Table 25 | AQ26: CM_BAU8. Which of these brands of Condiment mix do you prefer the most? | AR26: {=INDEX(#REF!,MATCH(BackEnd!AQ26,#REF!,0)+0,3)} -> #REF! | AU26: Table 25 | AV26: WH_BAU6A. And which of these Hair Care Product brands have you used in the last 1 ROLL_MONTH | AW26: {=INDEX(#REF!,MATCH(BackEnd!AV26,#REF!,0)+6,3)} -> #REF! | AZ26: Table 25 | BA26: DH_BAU8. Which of these brands of Hair Extension do you prefer the most | BB26: {=INDEX(#REF!,MATCH(BackEnd!BA26,#REF!,0)+6,3)} -> #REF! | BE26: Table 25 | BF26: TC_QBI. (Gives me sparkling clean toilet) Now we would like your impressions of some Toilet cleaner brands, whether or not you have tried them yourself | BG26: {=INDEX(#REF!,MATCH(BackEnd!BF26,#REF!,0)+6,3)} -> #REF!
A27: Table 22 | B27: N_BAU5C. And which of these instant Noodles brands have you consumed in the last 3 ROLL_MONTHs? | C27: #REF! | M27: Table 26 | N27: N_BAU6D. Please tell me the primary reason for consuming the Brand____ | O27: {=INDEX(#REF!,MATCH(BackEnd!N27,#REF!,0)+6,3)} -> #REF! | R27: Table 26 | S27: TP_BAU8. Which of these Toothpaste brands do you prefer the most? | T27: {=INDEX(#REF!,MATCH(BackEnd!S27,#REF!,0)+6,3)} -> #REF! | W27: Table 26 | X27: BC_BAU4. Where have you seen or heard any advertisement/communication about Supreme Cornflakes | Y27: {=INDEX(#REF!,MATCH(BackEnd!X27,#REF!,0)+6,3)} -> #REF! | AB27: Table 26 | AC27: BL_QBI. (Has multipurpose product that can be used for other uses also) Impressions of Bleach brands | AD27: {=INDEX(#REF!,MATCH(BackEnd!AC27,#REF!,0)+6,3)} -> #REF! | AF27: Table 26 | AG27: EO_BAU6B. Which of these Cooking Oils brands have you used in the last 7 days? | AH27: {=INDEX(#REF!,MATCH(BackEnd!AG27,#REF!,0)+6,3)} -> #REF! | AK27: Table 26 | AL27: SK_QBI. (Is a fun brand) Now we would like your impressions of some Snack brands, whether or not you have tried them yourself | AM27: {=INDEX(#REF!,MATCH(BackEnd!AL27,#REF!,0)+6,3)} -> #REF! | AP27: Table 26 | AQ27: CM_BAU9. How often do you purchase Condiment Mix? | AR27: {=INDEX(#REF!,MATCH(BackEnd!AQ27,#REF!,0)+0,3)} -> #REF! | AU27: Table 26 | AV27: WH_BAU6B. And which of these Hair Care Product brands have you used in the last 7 days | AW27: {=INDEX(#REF!,MATCH(BackEnd!AV27,#REF!,0)+6,3)} -> #REF! | AZ27: Table 26 | BA27: DH_BAU9. How often do you purchase Hair Extension Products? | BB27: {=INDEX(#REF!,MATCH(BackEnd!BA27,#REF!,0)+0,3)} -> #REF! | BE27: Table 26 | BF27: TC_QBI. (Is available in different fragrances) Now we would like your impressions of some Toilet cleaner brands, whether or not you have tried them yourself | BG27: {=INDEX(#REF!,MATCH(BackEnd!BF27,#REF!,0)+6,3)} -> #REF!
A28: Table 23 | B28: N_BAU6A. And which of these instant Noodles brands have you consumed in the last 1 ROLL_MONTH? | C28: #REF! | M28: Table 27 | N28: N_BAU8. Which of these brands of Instant Noodles do you prefer the most? | O28: {=INDEX(#REF!,MATCH(BackEnd!N28,#REF!,0)+6,3)} -> #REF! | R28: Table 27 | S28: TP_BAU9. How often do you purchase Toothpaste? | T28: {=INDEX(#REF!,MATCH(BackEnd!S28,#REF!,0)+6,3)} -> #REF! | W28: Table 27 | X28: BC_BAU4. Where have you seen or heard any advertisement/communication about Three Crowns Milk Cereal | Y28: {=INDEX(#REF!,MATCH(BackEnd!X28,#REF!,0)+6,3)} -> #REF! | AB28: Table 27 | AC28: QBI Summary: Bleach | AD28: {=INDEX(#REF!,MATCH(BackEnd!AC28,#REF!,0)+6,3)} -> #REF! | AF28: Table 27 | AG28: EO_BAU6C. Which one brand of Cooking Oils do you consume most often and would call your main brand? | AH28: {=INDEX(#REF!,MATCH(BackEnd!AG28,#REF!,0)+6,3)} -> #REF! | AK28: Table 27 | AL28: SK_QBI. (It is for the youth) Now we would like your impressions of some Snack brands, whether or not you have tried them yourself | AM28: {=INDEX(#REF!,MATCH(BackEnd!AL28,#REF!,0)+6,3)} -> #REF! | AP28: Table 27 | AQ28: CM_BAU10. What pack size of Condiment Mix do you buy most often? | AR28: {=INDEX(#REF!,MATCH(BackEnd!AQ28,#REF!,0)+0,3)} -> #REF! | AU28: Table 27 | AV28: WH_BAU6C. Which one brand of Hair Care Product do you consume most often and would call as your main brand? | AW28: {=INDEX(#REF!,MATCH(BackEnd!AV28,#REF!,0)+0,3)} -> #REF! | AZ28: Table 27 | BA28: DH_BAU10. What pack size of Hair Extension products do you buy most often? | BB28: {=INDEX(#REF!,MATCH(BackEnd!BA28,#REF!,0)+0,3)} -> #REF! | BE28: Table 27 | BF28: TC_QBI. (I must have in my home) Now we would like your impressions of some Toilet cleaner brands, whether or not you have tried them yourself | BG28: {=INDEX(#REF!,MATCH(BackEnd!BF28,#REF!,0)+6,3)} -> #REF!
A29: Table 24 | B29: N_BAU6B. And which of these instant Noodles brands have you consumed in the last 7 days? | C29: #REF! | M29: Table 28 | N29: N_BAU9. How often do you purchase instant noodles? | O29: {=INDEX(#REF!,MATCH(BackEnd!N29,#REF!,0)+6,3)} -> #REF! | R29: Table 28 | S29: TP_BAU10. What Toothpaste pack size do you buy most often? | T29: {=INDEX(#REF!,MATCH(BackEnd!S29,#REF!,0)+6,3)} -> #REF! | W29: Table 28 | X29: BC_BAU4. Where have you seen or heard any advertisement/communication about Weetabix | Y29: {=INDEX(#REF!,MATCH(BackEnd!X29,#REF!,0)+6,3)} -> #REF! | AB29: Table 28 | AC29: BL_QB1. Do you remember seeing this advert recently? | AD29: {=INDEX(#REF!,MATCH(BackEnd!AC29,#REF!,0)+6,3)} -> #REF! | AF29: Table 28 | AG29: EO_BAU6D. Please tell me the primary reason for consuming the brand. | AH29: {=INDEX(#REF!,MATCH(BackEnd!AG29,#REF!,0)+6,3)} -> #REF! | AK29: Table 28 | AL29: SK_QBI. (Has advertising that I like) Now we would like your impressions of some Snack brands, whether or not you have tried them yourself | AM29: {=INDEX(#REF!,MATCH(BackEnd!AL29,#REF!,0)+6,3)} -> #REF! | AP29: Table 28 | AQ29: CM_QBI. (Enhances the taste of my meal) Now we would like your impressions of some Condiment mix brands, whether or not you have tried them yourself | AR29: {=INDEX(#REF!,MATCH(BackEnd!AQ29,#REF!,0)+6,3)} -> #REF! | AU29: Table 28 | AV29: WH_BAU6D. Please tell me the primary reason for consuming the Brand | AW29: {=INDEX(#REF!,MATCH(BackEnd!AV29,#REF!,0)+6,3)} -> #REF! | AZ29: Table 28 | BA29: DH_QBI. (Makes me feel confident) Your impressions of some Hair Extension brands, whether or not you have tried them. | BB29: {=INDEX(#REF!,MATCH(BackEnd!BA29,#REF!,0)+6,3)} -> #REF! | BE29: Table 28 | BF29: TC_QBI. (Cleans toilet better than detergents and bleach) Now we would like your impressions of some Toilet cleaner brands, whether or not you have tried them yourself | BG29: {=INDEX(#REF!,MATCH(BackEnd!BF29,#REF!,0)+6,3)} -> #REF!
A30: Table 25 | B30: N_BAU6C. Which one brand of instant noodles do you consume most often and would call as your main brand? | C30: #REF! | M30: Table 29 | N30: N_BAU10. What pack size do you buy most often? | O30: {=INDEX(#REF!,MATCH(BackEnd!N30,#REF!,0)+6,3)} -> #REF! | R30: Table 29 | S30: TP_QBI. Gives fresh breath – Impressions of these Toothpaste brands? | T30: {=INDEX(#REF!,MATCH(BackEnd!S30,#REF!,0)+6,3)} -> #REF! | W30: Table 29 | X30: BC_BAU4. Where have you seen or heard any advertisement/communication about Amazing Day | Y30: {=INDEX(#REF!,MATCH(BackEnd!X30,#REF!,0)+6,3)} -> #REF! | AB30: Table 29 | AC30: BL_QB2. Where did you see this advert? | AD30: {=INDEX(#REF!,MATCH(BackEnd!AC30,#REF!,0)+6,3)} -> #REF! | AF30: Table 29 | AG30: EO_BAU8. Which of these brands of Cooking Oils do you prefer the most? | AH30: {=INDEX(#REF!,MATCH(BackEnd!AG30,#REF!,0)+6,3)} -> #REF! | AK30: Table 29 | AL30: SK_QBI. (Keeps my mouth busy/ Irresistible) Now we would like your impressions of some Snack brands, whether or not you have tried them yourself | AM30: {=INDEX(#REF!,MATCH(BackEnd!AL30,#REF!,0)+6,3)} -> #REF! | AP30: Table 29 | AQ30: CM_QBI. (Allows me to add more vegetables to my meals) Now we would like your impressions of some Condiment mix brands, whether or not you have tried them yourself. | AR30: {=INDEX(#REF!,MATCH(BackEnd!AQ30,#REF!,0)+6,3)} -> #REF! | AU30: Table 29 | AV30: WH_BAU8. Which of these brands of Hair Care Product do you prefer the most? | AW30: {=INDEX(#REF!,MATCH(BackEnd!AV30,#REF!,0)+0,3)} -> #REF! | AZ30: Table 29 | BA30: DH_QBI. (Makes me feel beautiful) Your impressions of some Hair Extension brands, whether or not you have tried them. | BB30: {=INDEX(#REF!,MATCH(BackEnd!BA30,#REF!,0)+6,3)} -> #REF! | BE30: Table 29 | BF30: TC_QB1. Do you remember seeing this advert recently? | BG30: {=INDEX(#REF!,MATCH(BackEnd!BF30,#REF!,0)+6,3)} -> #REF!
A31: Table 26 | B31: N_BAU6D. Please tell me the primary reason for consuming the Brand____ | C31: #REF! | M31: Table 30 | N31: N_QBI (Great taste /great tasting) Now we would like your impressions of some INSTANT NOODLES brands, whether or not you have tried them yourself | O31: {=INDEX(#REF!,MATCH(BackEnd!N31,#REF!,0)+6,3)} -> #REF! | R31: Table 30 | S31: TP_QBI. Gives strong teeth – Impressions of these Toothpaste brands? | T31: {=INDEX(#REF!,MATCH(BackEnd!S31,#REF!,0)+6,3)} -> #REF! | W31: Table 30 | X31: BC_BAU4. Where have you seen or heard any advertisement/communication about Kellogg’s Moons and Stars | Y31: {=INDEX(#REF!,MATCH(BackEnd!X31,#REF!,0)+6,3)} -> #REF! | AB31: Table 30 | AC31: BL_QB4. What was the main message of the ad you just saw? | AD31: {=INDEX(#REF!,MATCH(BackEnd!AC31,#REF!,0)+6,3)} -> #REF! | AF31: Table 30 | AG31: EO_BAU9. How often do you purchase cooking oil? | AH31: {=INDEX(#REF!,MATCH(BackEnd!AG31,#REF!,0)+6,3)} -> #REF! | AK31: Table 30 | AL31: SK_QBI. (I love eating it while listening to music) Now we would like your impressions of some Snack brands, whether or not you have tried them yourself | AM31: {=INDEX(#REF!,MATCH(BackEnd!AL31,#REF!,0)+6,3)} -> #REF! | AP31: Table 30 | AQ31: CM_QBI. (Reduced stress and time of cutting/chopping vegetables) Now we would like your impressions of some Condiment mix brands, whether or not you have tried them yourself. | AR31: {=INDEX(#REF!,MATCH(BackEnd!AQ31,#REF!,0)+0,3)} -> #REF! | AU31: Table 30 | AV31: WH_BAU9A. What type of hair care products do you use frequently? | AW31: {=INDEX(#REF!,MATCH(BackEnd!AV31,#REF!,0)+0,3)} -> #REF! | AZ31: Table 30 | BA31: DH_QBI. (Allows me to wear different styles) Your impressions of some Hair Extension brands, whether or not you have tried them | BB31: {=INDEX(#REF!,MATCH(BackEnd!BA31,#REF!,0)+6,3)} -> #REF! | BE31: Table 30 | BF31: TC_QB2. Where did you see this advert? | BG31: {=INDEX(#REF!,MATCH(BackEnd!BF31,#REF!,0)+6,3)} -> #REF!
A32: Table 27 | B32: N_BAU8. Which of these brands of Instant Noodles do you prefer the most? | C32: #REF! | M32: Table 31 | N32: N_QBI (Satisfying/Filling for you) Now we would like your impressions of some INSTANT NOODLES brands, whether or not you have tried them yourself | O32: {=INDEX(#REF!,MATCH(BackEnd!N32,#REF!,0)+6,3)} -> #REF! | R32: Table 31 | S32: TP_QBI. 24H Cavity Protection – Impressions of these Toothpaste brands? | T32: {=INDEX(#REF!,MATCH(BackEnd!S32,#REF!,0)+6,3)} -> #REF! | W32: Table 31 | X32: BC_BAU4. Where have you seen or heard any advertisement/communication about Kellogg’s Frosties | Y32: {=INDEX(#REF!,MATCH(BackEnd!X32,#REF!,0)+6,3)} -> #REF! | AB32: Table 31 | AC32: Bleach - Brand Total Spont | AD32: {=INDEX(#REF!,MATCH(BackEnd!AC32,#REF!,0)+6,3)} -> #REF! | AF32: Table 31 | AG32: EO_BAU10. What cooking oil pack size do you buy most often? | AH32: {=INDEX(#REF!,MATCH(BackEnd!AG32,#REF!,0)+6,3)} -> #REF! | AK32: Table 31 | AL32: SK_QBI. (It is great to have it when watching movies / TV) Now we would like your impressions of some Snack brands, whether or not you have tried them yourself | AM32: {=INDEX(#REF!,MATCH(BackEnd!AL32,#REF!,0)+6,3)} -> #REF! | AP32: Table 31 | AQ32: CM_QBI. (It is very easy/convenient to use) Now we would like your impressions of some Condiment mix brands, whether or not you have tried them yourself | AR32: {=INDEX(#REF!,MATCH(BackEnd!AQ32,#REF!,0)+6,3)} -> #REF! | AU32: Table 31 | AV32: WH_BAU9B. How often do you purchase Hair Care Care Products? | AW32: {=INDEX(#REF!,MATCH(BackEnd!AV32,#REF!,0)+0,3)} -> #REF! | AZ32: Table 31 | BA32: DH_QBI. (Is value for my money) Your impressions of some Hair Extension brands, whether or not you have tried them | BB32: {=INDEX(#REF!,MATCH(BackEnd!BA32,#REF!,0)+6,3)} -> #REF! | BE32: Table 31 | BF32: TC_QB4. What was the main message of the ad you just saw? | BG32: {=INDEX(#REF!,MATCH(BackEnd!BF32,#REF!,0)+6,3)} -> #REF!
A33: Table 28 | B33: N_BAU9. How often do you purchase instant noodles? | C33: #REF! | M33: Table 32 | N33: N_QBI (Good for children) Now we would like your impressions of some INSTANT NOODLES brands, whether or not you have tried them yourself | O33: {=INDEX(#REF!,MATCH(BackEnd!N33,#REF!,0)+6,3)} -> #REF! | R33: Table 32 | S33: TP_QBI. Complete protection from all oral health problems – Impressions of these Toothpaste brands? | T33: {=INDEX(#REF!,MATCH(BackEnd!S33,#REF!,0)+6,3)} -> #REF! | W33: Table 32 | X33: BC_BAU4. Where have you seen or heard any advertisement/communication about Kellogg’s Go Grain | Y33: {=INDEX(#REF!,MATCH(BackEnd!X33,#REF!,0)+6,3)} -> #REF! | AB33: Table 32 | AC33: Bleach - Brand Total Awareness | AD33: {=INDEX(#REF!,MATCH(BackEnd!AC33,#REF!,0)+6,3)} -> #REF! | AF33: Table 32 | AG33: EO_QBI. (I am proud to identify with the brand) – Impressions of Cooking Oils brands. | AH33: {=INDEX(#REF!,MATCH(BackEnd!AG33,#REF!,0)+6,3)} -> #REF! | AK33: Table 32 | AL33: QBI Summary: Snacks | AM33: {=INDEX(#REF!,MATCH(BackEnd!AL33,#REF!,0)+6,3)} -> #REF! | AP33: Table 32 | AQ33: CM_QBI. (It makes my meal more nutritious) Now we would like your impressions of some Condiment mix brands, whether or not you have tried them yourself. | AR33: {=INDEX(#REF!,MATCH(BackEnd!AQ33,#REF!,0)+0,3)} -> #REF! | AU33: Table 32 | AV33: WH_BAU10. What pack size of Hair Care products do you buy most often? | AW33: {=INDEX(#REF!,MATCH(BackEnd!AV33,#REF!,0)+0,3)} -> #REF! | AZ33: Table 32 | BA33: DH_QBI. (Is available in different colours) Your impressions of some Hair Extension brands, whether or not you have tried them | BB33: {=INDEX(#REF!,MATCH(BackEnd!BA33,#REF!,0)+6,3)} -> #REF! | BE33: Table 32 | BF33: QBI Summary: Toilet Cleaner | BG33: {=INDEX(#REF!,MATCH(BackEnd!BF33,#REF!,0)+6,3)} -> #REF!
A34: Table 29 | B34: N_BAU10. What pack size do you buy most often? | C34: #REF! | M34: Table 33 | N34: N_QBI (Rich in Vitamins and Protein/Nutritious) Now we would like your impressions of some INSTANT NOODLES brands, whether or not you have tried them yourself | O34: {=INDEX(#REF!,MATCH(BackEnd!N34,#REF!,0)+6,3)} -> #REF! | R34: Table 33 | S34: TP_QBI. Recommended by dentists – Impressions of these Toothpaste brands? | T34: {=INDEX(#REF!,MATCH(BackEnd!S34,#REF!,0)+6,3)} -> #REF! | W34: Table 33 | X34: BC_BAU4. Where have you seen or heard any advertisement/communication about Fun Snax Choco Champs | Y34: {=INDEX(#REF!,MATCH(BackEnd!X34,#REF!,0)+6,3)} -> #REF! | AB34: Table 33 | AC34: Bleach - Ad Total Spont | AD34: {=INDEX(#REF!,MATCH(BackEnd!AC34,#REF!,0)+6,3)} -> #REF! | AF34: Table 33 | AG34: EO_QBI. (It is healthy) – Impressions of Cooking Oils brands. | AH34: {=INDEX(#REF!,MATCH(BackEnd!AG34,#REF!,0)+6,3)} -> #REF! | AK34: Table 33 | AL34: SK_A1. Have you seen or heard anything about Minimie Chin-Chin “Worth Every Crunch” advert recently? | AM34: {=INDEX(#REF!,MATCH(BackEnd!AL34,#REF!,0)+6,3)} -> #REF! | AP34: Table 33 | AQ34: QBI Summary: Condiment Mixes | AR34: {=INDEX(#REF!,MATCH(BackEnd!AQ34,#REF!,0)+6,3)} -> #REF! | AU34: Table 33 | AV34: WH_QBI. (It doesn’t burn my hair) Now we would like your impressions of some Hair Care Product brands, whether or not you have tried them yourself | AW34: {=INDEX(#REF!,MATCH(BackEnd!AV34,#REF!,0)+6,3)} -> #REF! | AZ34: Table 33 | BA34: QBI Summary: Dry Hair | BB34: {=INDEX(#REF!,MATCH(BackEnd!BA34,#REF!,0)+6,3)} -> #REF! | BE34: Table 33 | BF34: Toilet Cleaner - Brand Total Spont | BG34: {=INDEX(#REF!,MATCH(BackEnd!BF34,#REF!,0)+6,3)} -> #REF!
A35: Table 30 | B35: N_QBI (Great taste /great tasting) Now we would like your impressions of some INSTANT NOODLES brands, whether or not you have tried them yourself | C35: #REF! | M35: Table 34 | N35: N_QBI (It’s an aspirational brand) Now we would like your impressions of some INSTANT NOODLES brands, whether or not you have tried them yourself | O35: {=INDEX(#REF!,MATCH(BackEnd!N35,#REF!,0)+6,3)} -> #REF! | R35: Table 34 | S35: QBI Summary: ToothPaste | T35: {=INDEX(#REF!,MATCH(BackEnd!S35,#REF!,0)+6,3)} -> #REF! | W35: Table 34 | X35: BC_BAU4. Where have you seen or heard any advertisement/communication about Fun Snax Chocomalt | Y35: {=INDEX(#REF!,MATCH(BackEnd!X35,#REF!,0)+6,3)} -> #REF! | AB35: Table 34 | AC35: Bleach - Ad Total Awareness | AD35: {=INDEX(#REF!,MATCH(BackEnd!AC35,#REF!,0)+6,3)} -> #REF! | AF35: Table 34 | AG35: EO_QBI. (It’s good for the heart) – Impressions of Cooking Oils brands. | AH35: {=INDEX(#REF!,MATCH(BackEnd!AG35,#REF!,0)+6,3)} -> #REF! | AK35: Table 34 | AL35: SK_A2. Where did you see or heard this advert | AM35: {=INDEX(#REF!,MATCH(BackEnd!AL35,#REF!,0)+6,3)} -> #REF! | AP35: Table 34 | AQ35: Condiment Mixes - Brand Total Spont | AR35: {=INDEX(#REF!,MATCH(BackEnd!AQ35,#REF!,0)+6,3)} -> #REF! | AU35: Table 34 | AV35: WH_QBI. (It doesn’t break my hair) Now we would like your impressions of some Hair Care Product brands, whether or not you have tried them yourself | AW35: {=INDEX(#REF!,MATCH(BackEnd!AV35,#REF!,0)+6,3)} -> #REF! | AZ35: Table 34 | BA35: Dry Hair - Brand Total Spont | BB35: {=INDEX(#REF!,MATCH(BackEnd!BA35,#REF!,0)+6,3)} -> #REF! | BE35: Table 34 | BF35: Toilet Cleaner - Brand Total Awareness | BG35: {=INDEX(#REF!,MATCH(BackEnd!BF35,#REF!,0)+6,3)} -> #REF!
A36: Table 31 | B36: N_QBI (Satisfying/Filling for you) Now we would like your impressions of some INSTANT NOODLES brands, whether or not you have tried them yourself | C36: #REF! | M36: Table 35 | N36: N_QBI (It’s a brand I would recommend to others) Now we would like your impressions of some INSTANT NOODLES brands, whether or not you have tried them yourself | O36: {=INDEX(#REF!,MATCH(BackEnd!N36,#REF!,0)+6,3)} -> #REF! | R36: Table 35 | S36: TP_A1. Do you remember seeing this advert recently? | T36: {=INDEX(#REF!,MATCH(BackEnd!S36,#REF!,0)+6,3)} -> #REF! | W36: Table 35 | X36: BC_BAU4. Where have you seen or heard any advertisement/communication about Infinity Coco Balls | Y36: {=INDEX(#REF!,MATCH(BackEnd!X36,#REF!,0)+6,3)} -> #REF! | AF36: Table 35 | AG36: EO_QBI. (Does not settle/freeze/spoil easily) – Impressions of Cooking Oils brands. | AH36: {=INDEX(#REF!,MATCH(BackEnd!AG36,#REF!,0)+6,3)} -> #REF! | AK36: Table 35 | AL36: SK_A3. In what language was the advert made? | AM36: {=INDEX(#REF!,MATCH(BackEnd!AL36,#REF!,0)+6,3)} -> #REF! | AP36: Table 35 | AQ36: Condiment Mixes - Brand Total Awareness | AR36: {=INDEX(#REF!,MATCH(BackEnd!AQ36,#REF!,0)+6,3)} -> #REF! | AU36: Table 35 | AV36: WH_QBI. (It helps the heathly growth of my hair) Now we would like your impressions of some Hair Care Product brands, whether or not you have tried them yourself | AW36: {=INDEX(#REF!,MATCH(BackEnd!AV36,#REF!,0)+6,3)} -> #REF! | AZ36: Table 35 | BA36: Dry Hair - Brand Total Awareness | BB36: {=INDEX(#REF!,MATCH(BackEnd!BA36,#REF!,0)+6,3)} -> #REF! | BE36: Table 35 | BF36: Toilet Cleaner - Ad Total Spont | BG36: {=INDEX(#REF!,MATCH(BackEnd!BF36,#REF!,0)+6,3)} -> #REF!
A37: Table 32 | B37: N_QBI (Good for children) Now we would like your impressions of some INSTANT NOODLES brands, whether or not you have tried them yourself | C37: #REF! | M37: Table 36 | N37: N_QBI (Provides convenient on-the-go meal options when I need) Now we would like your impressions of some INSTANT NOODLES brands, whether or not you have tried them yourself | O37: {=INDEX(#REF!,MATCH(BackEnd!N37,#REF!,0)+6,3)} -> #REF! | R37: Table 36 | S37: TP_A2. How did you hear about this advert? | T37: {=INDEX(#REF!,MATCH(BackEnd!S37,#REF!,0)+6,3)} -> #REF! | W37: Table 36 | X37: BC_BAU4. Where have you seen or heard any advertisement/communication about NASCO Koko Pops | Y37: {=INDEX(#REF!,MATCH(BackEnd!X37,#REF!,0)+6,3)} -> #REF! | AF37: Table 36 | AG37: EO_QBI. (Has low/no cholesterol) – Impressions of Cooking Oils brands. | AH37: {=INDEX(#REF!,MATCH(BackEnd!AG37,#REF!,0)+6,3)} -> #REF! | AK37: Table 36 | AL37: SK_A4. What can you remember about the advert you saw? That is, what was the advert about | AM37: {=INDEX(#REF!,MATCH(BackEnd!AL37,#REF!,0)+6,3)} -> #REF! | AP37: Table 36 | AQ37: Condiment Mixes - Ad Total Spont | AR37: {=INDEX(#REF!,MATCH(BackEnd!AQ37,#REF!,0)+6,3)} -> #REF! | AU37: Table 36 | AV37: WH_QBI. (It gives me a clean and refreshed scalp) Now we would like your impressions of some Hair Care Product brands, whether or not you have tried them yourself | AW37: {=INDEX(#REF!,MATCH(BackEnd!AV37,#REF!,0)+6,3)} -> #REF! | AZ37: Table 36 | BA37: Dry Hair - Ad Total Spont | BB37: {=INDEX(#REF!,MATCH(BackEnd!BA37,#REF!,0)+6,3)} -> #REF! | BE37: Table 36 | BF37: Toilet Cleaner - Ad Total Awareness | BG37: {=INDEX(#REF!,MATCH(BackEnd!BF37,#REF!,0)+6,3)} -> #REF!
A38: Table 33 | B38: N_QBI (Rich in Vitamins and Protein/Nutritious) Now we would like your impressions of some INSTANT NOODLES brands, whether or not you have tried them yourself | C38: #REF! | M38: Table 37 | N38: N_QBI (A brand that enables to achieve success) Now we would like your impressions of some INSTANT NOODLES brands, whether or not you have tried them yourself | O38: {=INDEX(#REF!,MATCH(BackEnd!N38,#REF!,0)+6,3)} -> #REF! | R38: Table 37 | S38: TP_A3. What particularly did you like about this advertisement? | T38: {=INDEX(#REF!,MATCH(BackEnd!S38,#REF!,0)+6,3)} -> #REF! | W38: Table 37 | X38: BC_BAU4. Where have you seen or heard any advertisement/communication about Sunvita | Y38: {=INDEX(#REF!,MATCH(BackEnd!X38,#REF!,0)+6,3)} -> #REF! | AF38: Table 37 | AG38: QBI Summary: Edible Oil | AH38: {=INDEX(#REF!,MATCH(BackEnd!AG38,#REF!,0)+6,3)} -> #REF! | AK38: Table 37 | AL38: SK_A5. Do you remember seeing this advert recently? | AM38: {=INDEX(#REF!,MATCH(BackEnd!AL38,#REF!,0)+6,3)} -> #REF! | AP38: Table 37 | AQ38: Condiment Mixes - Ad Total Awareness | AR38: {=INDEX(#REF!,MATCH(BackEnd!AQ38,#REF!,0)+6,3)} -> #REF! | AU38: Table 37 | AV38: WH_QBI. (It makes my hair soft) Now we would like your impressions of some Hair Care Product brands, whether or not you have tried them yourself | AW38: {=INDEX(#REF!,MATCH(BackEnd!AV38,#REF!,0)+6,3)} -> #REF! | AZ38: Table 37 | BA38: Dry Hair - Ad Total Awareness | BB38: {=INDEX(#REF!,MATCH(BackEnd!BA38,#REF!,0)+6,3)} -> #REF!
A39: Table 34 | B39: N_QBI (It’s an aspirational brand) Now we would like your impressions of some INSTANT NOODLES brands, whether or not you have tried them yourself | C39: #REF! | M39: Table 38 | N39: QBI Summary: Noodles | O39: {=INDEX(#REF!,MATCH(BackEnd!N39,#REF!,0)+6,3)} -> #REF! | R39: Table 38 | S39: TP_A4. What can you remember about the advert you saw? That is, what was the advert about? | T39: {=INDEX(#REF!,MATCH(BackEnd!S39,#REF!,0)+6,3)} -> #REF! | W39: Table 38 | X39: BC_BAU4. Where have you seen or heard any advertisement/communication about Others | Y39: {=INDEX(#REF!,MATCH(BackEnd!X39,#REF!,0)+6,3)} -> #REF! | AF39: Table 38 | AG39: Edible Oil - Brand Total Spont | AH39: {=INDEX(#REF!,MATCH(BackEnd!AG39,#REF!,0)+6,3)} -> #REF! | AK39: Table 38 | AL39: SK_A6. Where did you see this advert | AM39: {=INDEX(#REF!,MATCH(BackEnd!AL39,#REF!,0)+6,3)} -> #REF! | AU39: Table 38 | AV39: QBI Summary: Wet Hair | AW39: {=INDEX(#REF!,MATCH(BackEnd!AV39,#REF!,0)+6,3)} -> #REF!
A40: Table 35 | B40: N_QBI (It’s a brand I would recommend to others) Now we would like your impressions of some INSTANT NOODLES brands, whether or not you have tried them yourself | C40: #REF! | M40: Table 39 | N40: Noodles - Brand Total Spont | O40: {=INDEX(#REF!,MATCH(BackEnd!N40,#REF!,0)+6,3)} -> #REF! | R40: Table 39 | S40: Toothpaste - Brand Total Spont | T40: {=INDEX(#REF!,MATCH(BackEnd!S40,#REF!,0)+6,3)} -> #REF! | W40: Table 39 | X40: BC_BAU5A. Which of these Cereal brands have you ever consumed? | Y40: {=INDEX(#REF!,MATCH(BackEnd!X40,#REF!,0)+6,3)} -> #REF! | AF40: Table 39 | AG40: Edible Oil - Brand Total Awareness | AH40: {=INDEX(#REF!,MATCH(BackEnd!AG40,#REF!,0)+6,3)} -> #REF! | AK40: Table 39 | AL40: SK_A7. What do you like about it | AM40: {=INDEX(#REF!,MATCH(BackEnd!AL40,#REF!,0)+6,3)} -> #REF! | AU40: Table 39 | AV40: Wet Hair - Brand Total Spont | AW40: {=INDEX(#REF!,MATCH(BackEnd!AV40,#REF!,0)+6,3)} -> #REF!
A41: Table 36 | B41: N_QBI (Provides convenient on-the-go meal options when I need) Now we would like your impressions of some INSTANT NOODLES brands, whether or not you have tried them yourself | C41: #REF! | M41: Table 40 | N41: Noodles - Brand Total Awareness | O41: {=INDEX(#REF!,MATCH(BackEnd!N41,#REF!,0)+6,3)} -> #REF! | R41: Table 40 | S41: Toothpaste - Brand Total Awareness | T41: {=INDEX(#REF!,MATCH(BackEnd!S41,#REF!,0)+6,3)} -> #REF! | W41: Table 40 | X41: BC_BAU5C. Which of these Cereal brands have you consumed in the last 3 ROLL_MONTHs? | Y41: {=INDEX(#REF!,MATCH(BackEnd!X41,#REF!,0)+6,3)} -> #REF! | AF41: Table 40 | AG41: Edible Oil - Ad Total Spont | AH41: {=INDEX(#REF!,MATCH(BackEnd!AG41,#REF!,0)+6,3)} -> #REF! | AK41: Table 40 | AL41: Snacks - Brand Total Spont | AM41: {=INDEX(#REF!,MATCH(BackEnd!AL41,#REF!,0)+6,3)} -> #REF! | AU41: Table 40 | AV41: Wet Hair - Brand Total Awareness | AW41: {=INDEX(#REF!,MATCH(BackEnd!AV41,#REF!,0)+6,3)} -> #REF!
A42: Table 37 | B42: N_QBI (A brand that enables to achieve success) Now we would like your impressions of some INSTANT NOODLES brands, whether or not you have tried them yourself | C42: #REF! | M42: Table 41 | N42: Noodles - Ad Total Spont | O42: {=INDEX(#REF!,MATCH(BackEnd!N42,#REF!,0)+6,3)} -> #REF! | R42: Table 41 | S42: Toothpaste - Ad Total Spont | T42: {=INDEX(#REF!,MATCH(BackEnd!S42,#REF!,0)+6,3)} -> #REF! | W42: Table 41 | X42: BC_BAU6A. Which of these Cereal brands have you consumed in the last 1 ROLL_MONTH? | Y42: {=INDEX(#REF!,MATCH(BackEnd!X42,#REF!,0)+6,3)} -> #REF! | AF42: Table 41 | AG42: Edible Oil - Ad Total Awareness | AH42: {=INDEX(#REF!,MATCH(BackEnd!AG42,#REF!,0)+6,3)} -> #REF! | AK42: Table 41 | AL42: Snacks - Brand Total Awareness | AM42: {=INDEX(#REF!,MATCH(BackEnd!AL42,#REF!,0)+6,3)} -> #REF! | AU42: Table 41 | AV42: Wet Hair - Ad Total Spont | AW42: {=INDEX(#REF!,MATCH(BackEnd!AV42,#REF!,0)+6,3)} -> #REF!
A43: Table 38 | B43: QBI Summary: Noodles | C43: #REF! | M43: Table 42 | N43: Noodles - Ad Total Awareness | O43: {=INDEX(#REF!,MATCH(BackEnd!N43,#REF!,0)+6,3)} -> #REF! | R43: Table 42 | S43: Toothpaste - Ad Total Awareness | T43: {=INDEX(#REF!,MATCH(BackEnd!S43,#REF!,0)+6,3)} -> #REF! | W43: Table 42 | X43: BC_BAU6B. Which of these Cereal brands have you consumed in the last 7 days? | Y43: {=INDEX(#REF!,MATCH(BackEnd!X43,#REF!,0)+6,3)} -> #REF! | AK43: Table 42 | AL43: Snacks - Ad Total Spont | AM43: {=INDEX(#REF!,MATCH(BackEnd!AL43,#REF!,0)+6,3)} -> #REF! | AU43: Table 42 | AV43: Wet Hair - Ad Total Awareness | AW43: {=INDEX(#REF!,MATCH(BackEnd!AV43,#REF!,0)+6,3)} -> #REF!
A44: Table 39 | B44: Noodles - Brand Total Spont | C44: #REF! | M44: Table 43 | N44: N_FQ1. Which of the following flavors of Noodles will you consider buying in your next purchase? | O44: {=INDEX(#REF!,MATCH(BackEnd!N44,#REF!,0)+6,3)} -> #REF! | W44: Table 43 | X44: BC_BAU6C. Which one brand of Cereal do you consume most often and would call as your main brand? | Y44: {=INDEX(#REF!,MATCH(BackEnd!X44,#REF!,0)+6,3)} -> #REF! | AK44: Table 43 | AL44: Snacks - Ad Total Awareness | AM44: {=INDEX(#REF!,MATCH(BackEnd!AL44,#REF!,0)+6,3)} -> #REF!
A45: Table 40 | B45: Noodles - Brand Total Awareness | C45: #REF! | M45: Table 44 | N45: N_QFS1. Have you seen this ad before? | O45: {=INDEX(#REF!,MATCH(BackEnd!N45,#REF!,0)+6,3)} -> #REF! | W45: Table 44 | X45: BC_BAU6D. Please tell me the primary reason for consuming the Brand____ | Y45: {=INDEX(#REF!,MATCH(BackEnd!X45,#REF!,0)+6,3)} -> #REF!
A46: Table 41 | B46: Noodles - Ad Total Spont | C46: #REF! | M46: Table 45 | N46: N_QFS2. What were the key message(s) from this activity? | O46: {=INDEX(#REF!,MATCH(BackEnd!N46,#REF!,0)+6,3)} -> #REF! | W46: Table 45 | X46: BC_BAU8. Which of these brands of Cereal do you prefer the most? | Y46: {=INDEX(#REF!,MATCH(BackEnd!X46,#REF!,0)+6,3)} -> #REF!
A47: Table 42 | B47: Noodles - Ad Total Awareness | C47: #REF! | M47: Table 46 | N47: N_QFS3. How likely will this school sampling activity make you want to buy Indomie? | O47: {=INDEX(#REF!,MATCH(BackEnd!N47,#REF!,0)+6,3)} -> #REF! | W47: Table 46 | X47: BC_BAU9. How often do you purchase Breakfast Cereals? | Y47: {=INDEX(#REF!,MATCH(BackEnd!X47,#REF!,0)+6,3)} -> #REF!
A48: Table 43 | B48: N_FQ1. Which of the following flavors of Noodles will you consider buying in your next purchase? | C48: #REF! | M48: Table 47 | N48: N_QFSB1. Have you seen this ad before? | O48: {=INDEX(#REF!,MATCH(BackEnd!N48,#REF!,0)+6,3)} -> #REF! | W48: Table 47 | X48: BC_BAU10. What pack size of Breakfast Cereals do you buy most often? | Y48: {=INDEX(#REF!,MATCH(BackEnd!X48,#REF!,0)+6,3)} -> #REF!
A49: Table 44 | B49: N_QFS1. Have you seen this ad before? | C49: #REF! | M49: Table 48 | N49: N_QFSB2. What is the key message(s) you can get from this advert? | O49: {=INDEX(#REF!,MATCH(BackEnd!N49,#REF!,0)+6,3)} -> #REF! | W49: Table 48 | X49: BC_QBI. (Has Good Taste) Now we would like your impressions of some Cereal brands, whether or not you have tried them yourself | Y49: {=INDEX(#REF!,MATCH(BackEnd!X49,#REF!,0)+6,3)} -> #REF!
A50: Table 45 | B50: N_QFS2. What were the key message(s) from this activity? | C50: #REF! | M50: Table 49 | N50: N_QFSB3. How likely did this ad make you want to buy this brand Minimie? | O50: {=INDEX(#REF!,MATCH(BackEnd!N50,#REF!,0)+6,3)} -> #REF! | W50: Table 49 | X50: BC_QBI. (Contains Vitamins & Minerals) Now we would like your impressions of some Cereal brands, whether or not you have tried them yourself | Y50: {=INDEX(#REF!,MATCH(BackEnd!X50,#REF!,0)+6,3)} -> #REF!
A51: Table 46 | B51: N_QFS3. How likely will this school sampling activity make you want to buy Indomie? | C51: #REF! | M51: Table 50 | N51: N_QFW1. Have you heard of this ad before | O51: {=INDEX(#REF!,MATCH(BackEnd!N51,#REF!,0)+6,3)} -> #REF! | W51: Table 50 | X51: BC_QBI. (Kids love it) Now we would like your impressions of some Cereal brands, whether or not you have tried them yourself | Y51: {=INDEX(#REF!,MATCH(BackEnd!X51,#REF!,0)+6,3)} -> #REF!
A52: Table 47 | B52: N_QFSB1. Have you seen this ad before? | C52: #REF! | M52: Table 51 | N52: N_QFW2. What is the key message(s) you can get from this advert? | O52: {=INDEX(#REF!,MATCH(BackEnd!N52,#REF!,0)+6,3)} -> #REF! | W52: Table 51 | X52: BC_QBI. (Healthy breakfast) Now we would like your impressions of some Cereal brands, whether or not you have tried them yourself | Y52: {=INDEX(#REF!,MATCH(BackEnd!X52,#REF!,0)+6,3)} -> #REF!
A53: Table 48 | B53: N_QFSB2. What is the key message(s) you can get from this advert? | C53: #REF! | M53: Table 52 | N53: N_QFW3. How likely did this ad make you want to buy this brand Minimie? | O53: {=INDEX(#REF!,MATCH(BackEnd!N53,#REF!,0)+6,3)} -> #REF! | W53: Table 52 | X53: BC_QBI. (World’s No.1 breakfast cereal) Now we would like your impressions of some Cereal brands, whether or not you have tried them yourself | Y53: {=INDEX(#REF!,MATCH(BackEnd!X53,#REF!,0)+6,3)} -> #REF!
A54: Table 49 | B54: N_QFSB3. How likely did this ad make you want to buy this brand Minimie? | C54: #REF! | W54: Table 53 | X54: BC_QBI. (It is good for the entire family) Now we would like your impressions of some Cereal brands, whether or not you have tried them yourself | Y54: {=INDEX(#REF!,MATCH(BackEnd!X54,#REF!,0)+6,3)} -> #REF!
A55: Table 50 | B55: N_QFW1. Have you heard of this ad before | C55: #REF! | W55: Table 54 | X55: QBI Summary: Breakfast Cereals | Y55: {=INDEX(#REF!,MATCH(BackEnd!X55,#REF!,0)+6,3)} -> #REF!
A56: Table 51 | B56: N_QFW2. What is the key message(s) you can get from this advert? | C56: #REF! | W56: Table 55 | X56: Breakfast Cereal - Brand Total Spont | Y56: {=INDEX(#REF!,MATCH(BackEnd!X56,#REF!,0)+6,3)} -> #REF!
A57: Table 52 | B57: N_QFW3. How likely did this ad make you want to buy this brand Minimie? | C57: #REF! | W57: Table 56 | X57: Breakfast Cereal - Brand Total Awareness | Y57: {=INDEX(#REF!,MATCH(BackEnd!X57,#REF!,0)+6,3)} -> #REF!
W58: Table 57 | X58: Breakfast Cereal - Ad Total Spont | Y58: {=INDEX(#REF!,MATCH(BackEnd!X58,#REF!,0)+6,3)} -> #REF!
W59: Table 58 | X59: Breakfast Cereal - Ad Total Awareness | Y59: {=INDEX(#REF!,MATCH(BackEnd!X59,#REF!,0)+6,3)} -> #REF!
